x,y,z
  27.713, -47.273,  -3.911
  25.701, -44.271,  -2.740
  24.493, -40.983,  -4.169
  23.042, -38.289,  -1.913
  21.136, -35.093,  -2.767
  21.932, -32.089,  -0.580
  22.370, -28.353,  -0.355
  24.986, -25.764,   0.562
  25.869, -24.658,   4.087
  28.451, -22.105,   5.293
  29.532, -20.088,   8.372
  27.162, -17.142,   7.686
  25.483, -15.605,  10.749
  23.195, -13.427,   8.582
  19.600, -13.501,   9.829
  16.383, -12.662,   7.986
  12.757, -12.495,   9.090
   9.891, -14.347,   7.350
   6.098, -14.194,   7.839
   6.314, -17.445,   9.903
   9.670, -17.082,  11.722
  12.046, -14.362,  13.007
  15.868, -14.478,  12.977
  16.241, -17.307,  10.420
  19.964, -17.888,   9.766
  20.693, -18.017,   6.014
  23.696, -18.766,   3.768
  23.366, -15.565,   1.708
  21.349, -12.349,   2.016
  21.277,  -8.805,   0.601
  20.698,  -5.607,   2.564
  18.062,  -3.272,   1.047
  18.377,  -0.548,   3.725
  21.078,   2.125,   3.691
  21.770,   3.164,   7.318
  25.133,   4.895,   6.744
  26.024,   8.462,   5.829
  29.443,  10.173,   5.585
  28.538,  12.978,   8.076
  29.495,  15.629,   5.431
  27.920,  18.162,   3.104
  29.150,  17.072,  -0.340
  29.058,  18.389,  -3.883
  25.888,  17.249,  -5.679
  26.881,  15.755,  -9.077
  30.124,  17.825,  -8.987
  28.375,  21.160,  -8.086
  29.173,  22.754,  -4.714
  26.406,  23.841,  -2.281
  25.937,  27.407,  -1.036
  26.857,  27.463,   2.668
  25.232,  30.538,   4.256
  27.477,  30.091,   7.349
  26.041,  32.261,  10.155
  23.608,  34.003,   7.766
  19.969,  33.191,   7.127
  18.440,  33.307,   3.622
  17.076,  36.778,   4.572
  20.548,  38.002,   5.643
  22.074,  36.657,   2.402
  19.472,  38.142,   0.015
  19.216,  41.549,   1.748
  23.045,  41.706,   2.068
  23.493,  41.885,   5.840
  27.053,  43.285,   6.407
  28.044,  40.024,   8.200
  27.064,  38.094,   5.005
  29.486,  39.975,   2.680
  31.414,  36.752,   1.835
  28.234,  35.315,   0.199
  27.962,  38.203,  -2.343
  30.420,  36.436,  -4.711
  28.385,  33.163,  -4.773
  26.381,  33.019,  -8.015
  25.754,  29.249,  -8.492
  25.116,  26.198,  -6.286
  23.576,  22.703,  -6.195
  21.683,  23.384,  -2.923
  21.560,  25.956,  -0.099
  22.708,  25.133,   3.460
  21.383,  27.211,   6.347
  22.329,  26.521,   9.973
  19.618,  25.929,  12.588
  18.965,  29.333,  14.250
  21.265,  31.491,  12.046
  22.477,  34.638,  13.884
  22.697,  37.008,  10.891
  19.242,  37.527,   9.357
  17.480,  40.901,   9.270
  19.819,  43.212,  11.225
  17.201,  46.008,  11.377
  14.049,  44.557,  13.001
  10.850,  44.247,  10.977
   8.518,  41.918,   9.087
   9.733,  40.165,   5.911
   6.610,  39.901,   3.736
   6.074,  36.466,   2.098
   9.510,  35.302,   3.400
   8.578,  31.601,   3.405
   7.432,  31.950,  -0.255
  10.751,  33.653,  -1.146
  12.614,  30.674,   0.408
  10.483,  28.265,  -1.657
  11.207,  30.303,  -4.828
  14.963,  30.238,  -4.034
  14.784,  26.440,  -3.487
  14.138,  26.194,  -7.272
  17.006,  28.616,  -8.163
  20.400,  27.100,  -9.054
  22.136,  30.400,  -9.915
  21.587,  34.127, -10.244
  23.286,  37.227, -11.669
  23.525,  39.965,  -9.011
  23.415,  43.389, -10.714
  23.063,  47.059,  -9.662
  19.408,  47.876, -10.545
  19.730,  51.469,  -9.217
  23.390,  52.644,  -9.043
  24.132,  54.294,  -5.670
  26.081,  57.210,  -7.160
  23.747,  58.192, -10.037
  20.171,  57.048,  -9.263
  19.355,  59.292,  -6.277
  20.898,  62.769,  -6.915
  18.326,  64.609,  -4.735
  18.540,  62.283,  -1.689
  21.132,  61.251,   0.898
  22.123,  57.605,   0.214
  24.374,  57.049,   3.280
  21.678,  55.842,   5.717
  23.189,  53.471,   8.313
  22.072,  51.921,  11.621
  23.790,  50.668,  14.765
  21.587,  47.524,  14.528
  23.401,  46.648,  11.241
  26.907,  47.408,  12.584
  29.957,  45.751,  11.027
  33.416,  45.843,  12.663
  31.945,  48.200,  15.339
  30.786,  50.826,  12.767
  27.171,  51.555,  11.887
  26.346,  49.986,   8.523
  23.360,  48.862,   6.447
  22.285,  46.139,   3.990
  24.584,  45.930,   0.931
  21.702,  45.354,  -1.531
  19.496,  48.202,  -0.174
  19.860,  51.978,   0.307
  18.280,  53.976,   3.108
  17.211,  57.189,   1.358
  16.950,  60.250,   3.629
  16.346,  63.976,   3.156
  19.024,  66.178,   1.547
  19.448,  69.847,   2.496
  16.285,  69.719,   4.683
  14.138,  68.425,   1.781
  12.833,  65.016,   0.696
  11.527,  65.651,  -2.858
   9.087,  63.140,  -4.338
  11.021,  60.425,  -6.140
  10.027,  58.289,  -9.138
  12.330,  55.541, -10.443
  11.708,  52.786, -12.947
  13.583,  49.706, -14.139
  12.720,  47.774, -17.322
  13.732,  44.092, -17.262
  15.902,  43.592, -20.376
  17.600,  40.436, -18.928
  15.460,  37.631, -20.560
  15.173,  36.220, -17.003
  12.952,  36.800, -13.993
  14.461,  39.531, -11.774
  14.060,  39.344,  -7.997
  13.677,  42.920,  -6.668
  13.775,  43.624,  -2.909
  12.959,  46.863,  -1.042
  11.881,  48.068,   2.398
   9.512,  50.529,   4.079
  10.693,  52.272,   7.257
   8.256,  52.606,  10.168
   9.644,  55.234,  12.632
   8.969,  54.980,  16.390
   7.747,  58.603,  16.594
   6.903,  61.736,  14.531
  10.251,  63.336,  15.557
  12.225,  60.629,  13.703
   9.803,  60.838,  10.736
  10.382,  64.606,  10.397
  14.180,  64.357,  10.932
  14.662,  61.676,   8.232
  11.977,  62.532,   5.638
  10.808,  66.115,   6.474
   7.157,  65.037,   6.030
   4.582,  63.854,   8.567
   2.539,  61.879,   6.007
   4.626,  59.923,   3.518
   3.889,  57.014,   1.177
   5.767,  54.410,  -0.833
   4.249,  53.041,  -4.059
   5.662,  50.011,  -5.927
   3.974,  48.990,  -9.170
   4.615,  46.590, -12.081
   2.328,  44.831, -14.611
   1.432,  42.147, -12.007
   2.264,  43.935,  -8.714
   0.666,  47.059,  -7.237
   1.017,  48.077,  -3.602
   0.960,  51.388,  -1.750
   2.565,  51.509,   1.676
   1.707,  54.004,   4.434
   4.330,  54.225,   7.208
   2.954,  53.278,  10.648
   4.468,  55.664,  13.204
   4.154,  53.910,  16.574
   6.257,  53.182,  19.659
   7.271,  49.491,  19.511
   9.181,  47.183,  21.886
  12.956,  47.455,  21.378
  14.481,  44.768,  19.171
  18.267,  45.105,  18.628
  18.003,  48.548,  20.348
  15.546,  49.845,  17.671
  11.981,  51.051,  18.422
  11.388,  51.548,  14.664
  10.890,  48.791,  12.066
  11.762,  48.156,   8.437
   9.336,  45.875,   6.680
  10.936,  44.060,   3.729
   9.135,  43.323,   0.470
   9.962,  41.562,  -2.785
   8.543,  40.777,  -6.218
   9.508,  38.792,  -9.316
   9.696,  40.983, -12.425
   9.036,  39.097, -15.688
  11.209,  39.605, -18.816
  10.140,  42.841, -20.577
   8.145,  44.108, -17.560
   8.839,  47.442, -15.777
   8.814,  48.151, -12.039
   8.188,  51.727, -10.822
   9.065,  53.074,  -7.367
   7.336,  56.265,  -6.199
   7.850,  57.727,  -2.740
   7.934,  60.957,  -0.773
   9.625,  59.394,   2.306
  10.275,  56.103,   4.178
  11.619,  54.137,   1.130
  14.460,  51.673,   1.613
  15.403,  51.528,  -2.076
  16.810,  48.517,  -3.961
  20.466,  48.871,  -4.985
  21.086,  45.334,  -6.260
  18.632,  42.896,  -7.837
  19.013,  39.247,  -8.926
  18.409,  37.770, -12.395
  17.303,  34.220, -11.561
  18.256,  30.996, -13.345
  15.912,  28.159, -12.286
  17.177,  24.588, -11.827
  15.525,  21.315, -10.843
  16.513,  19.393,  -7.701
  17.861,  22.337,  -5.693
  16.626,  23.045,  -2.157
  17.319,  24.647,   1.227
  18.431,  22.338,   4.059
  19.030,  23.131,   7.737
  22.320,  21.459,   8.726
  25.323,  21.793,  11.058
  27.323,  19.162,   9.117
  30.754,  20.334,   7.837
  31.309,  20.764,   4.104
  33.953,  18.574,   2.422
  35.297,  17.983,  -1.139
  33.215,  14.761,  -1.385
  30.830,  14.174,  -4.317
  27.424,  12.524,  -3.860
  24.113,  11.859,  -5.656
  22.050,  12.189,  -2.445
  22.438,  14.711,   0.384
  20.739,  14.735,   3.818
  21.071,  17.280,   6.703
  23.159,  14.687,   8.661
  25.448,  13.685,   5.756
  25.608,  12.449,   2.170
  24.331,   8.980,   1.171
  26.268,   7.134,  -1.550
  24.114,   4.070,  -2.219
  22.130,   2.223,  -4.922
  19.844,   0.584,  -2.318
  16.060,   1.246,  -2.614
  15.584,   2.341,   1.039
  17.347,   4.460,   3.677
  16.654,   5.268,   7.366
  19.174,   8.144,   7.764
  16.911,  11.193,   7.325
  13.474,  12.021,   5.757
  14.759,  15.321,   4.246
  16.772,  14.621,   1.082
  18.136,  16.464,  -1.968
  19.081,  14.651,  -5.193
  18.625,  10.998,  -6.247
  17.940,   9.477,  -2.827
  16.575,   6.117,  -1.612
  13.056,   6.199,  -0.099
  13.150,   7.045,   3.609
  11.719,   4.333,   5.888
  11.650,   3.977,   9.710
  12.777,   0.321,   9.473
  15.996,  -0.708,  11.280
  16.610,  -3.934,   9.263
  15.573,  -4.879,   5.690
  17.520,  -8.042,   4.705
  16.240, -10.085,   1.764
  17.362, -13.737,   1.648
  19.087, -14.928,  -1.555
  20.541, -18.245,  -0.305
  19.135, -21.140,   1.766
  18.486, -21.841,   5.456
  21.980, -22.241,   6.927
  21.392, -25.391,   8.990
  23.838, -28.100,  10.193
  20.932, -30.469,  11.141
  17.178, -31.106,  10.620
  14.905, -28.144,  11.301
  11.114, -28.532,  11.198
   9.810, -26.066,   8.539
  10.305, -27.105,   4.912
   7.172, -26.585,   2.749
   8.215, -29.405,   0.349
   9.802, -31.573,   3.090
  13.446, -31.612,   1.843
  15.245, -28.698,   3.579
  14.637, -29.024,   7.323
  12.750, -32.283,   6.463
  14.265, -35.609,   5.297
  17.746, -34.103,   4.617
  19.423, -33.813,   8.038
  21.586, -30.772,   7.213
  23.542, -28.690,   4.726
  26.963, -29.566,   3.330
  29.796, -27.181,   4.230
  32.085, -29.216,   1.907
  29.943, -28.351,  -1.162
  31.258, -24.856,  -2.037
  30.614, -24.802,  -5.828
  26.805, -24.361,  -5.752
  23.571, -24.259,  -3.751
  22.329, -27.747,  -4.733
  24.293, -30.855,  -5.555
  25.345, -34.436,  -5.036
  27.609, -36.390,  -2.745
  28.721, -39.727,  -4.251
  30.549, -42.671,  -2.678
  31.925, -45.582,  -4.765
  35.057, -47.798,  -5.007
  36.877, -44.988,  -6.894
  36.295, -42.455,  -4.072
  33.833, -39.939,  -2.684
  33.141, -36.273,  -3.359
  30.768, -33.350,  -3.618
  29.579, -31.942,  -6.956
  27.201, -28.998,  -7.438
  24.276, -29.367,  -9.854
  25.236, -26.444, -12.100
  21.900, -26.355, -13.996
  19.573, -26.060, -10.964
  22.017, -23.749,  -9.121
  22.369, -21.371, -12.106
  18.582, -21.318, -12.640
  18.089, -20.393,  -8.954
  20.828, -17.689,  -9.150
  19.212, -16.181, -12.288
  15.719, -16.214, -10.679
  16.834, -14.707,  -7.361
  19.002, -12.094,  -9.138
  15.949, -11.109, -11.227
  13.852, -10.916,  -7.998
  16.378,  -8.625,  -6.226
  16.784,  -6.430,  -9.340
  12.970,  -6.191,  -9.754
  12.594,  -4.978,  -6.125
  15.349,  -2.341,  -6.643
  14.127,  -1.227, -10.134
  10.526,  -0.703,  -8.876
  11.836,   1.966,  -6.476
  11.766,   4.929,  -8.869
  13.918,   7.762,  -7.498
  12.659,  11.311,  -8.083
  14.458,  14.535,  -7.262
  12.797,  15.556,  -3.988
  13.291,  18.721,  -1.941
  11.494,  17.954,   1.339
  12.266,  20.948,   3.604
   9.461,  23.549,   3.964
   9.187,  26.535,   6.286
   5.924,  27.861,   7.749
   5.172,  30.910,   9.914
   3.053,  31.127,  13.111
  -0.190,  31.749,  11.088
   0.329,  28.691,   8.812
  -0.047,  25.921,  11.441
  -2.792,  24.111,   9.426
  -0.535,  24.017,   6.345
   2.523,  22.944,   8.435
   0.474,  20.136,  10.032
  -0.897,  19.118,   6.586
   2.668,  18.999,   5.204
   3.799,  16.892,   8.198
   0.804,  14.528,   7.787
   1.704,  14.035,   4.082
   5.344,  13.281,   5.016
   4.487,  10.931,   7.905
   1.733,   9.253,   5.836
   4.071,   8.426,   2.925
   6.827,   7.317,   5.346
   4.311,   4.967,   7.066
   3.131,   3.527,   3.697
   6.706,   2.997,   2.384
   7.887,   1.511,   5.709
   4.966,  -0.950,   5.734
   5.422,  -1.849,   2.031
   9.199,  -2.401,   2.445
   8.872,  -4.569,   5.580
   5.945,  -6.616,   4.176
   7.765,  -7.168,   0.851
  10.854,  -8.492,   2.690
   8.762, -10.844,   4.900
   6.778, -12.229,   1.914
   9.759, -12.635,  -0.433
  11.952, -14.241,   2.255
   9.332, -16.970,   2.836
   8.921, -17.531,  -0.941
  12.717, -17.664,  -1.480
  13.209, -20.326,   1.233
  10.269, -22.353,  -0.210
  11.790, -21.977,  -3.726
  15.092, -23.503,  -2.493
  13.215, -26.378,  -0.720
  11.289, -27.060,  -3.973
  14.518, -27.081,  -6.038
  16.159, -29.648,  -3.679
  12.942, -31.769,  -3.724
  12.825, -31.636,  -7.550
  16.503, -32.692,  -7.774
  15.752, -35.667,  -5.455
  12.677, -36.678,  -7.550
  14.751, -36.372, -10.780
  17.280, -38.898,  -9.374
  14.527, -41.179,  -7.951
  12.714, -41.278, -11.328
  15.944, -42.383, -13.093
  17.107, -45.012, -10.545
  13.635, -46.616,  -9.985
  14.311, -50.200,  -8.756
  18.125, -50.063,  -9.312
  18.582, -48.228,  -5.990
  16.812, -48.023,  -2.610
  16.044, -44.871,  -0.659
  18.099, -45.084,   2.590
  16.897, -41.694,   3.972
  18.796, -38.405,   4.448
  18.351, -37.604,   0.718
  20.503, -40.675,  -0.198
  20.150, -43.661,  -2.552
  22.045, -46.958,  -2.171
  22.624, -48.722,  -5.492
  21.839, -52.441,  -6.018
  24.687, -52.479,  -8.600
  28.194, -51.037,  -8.971
  28.020, -47.399, -10.035
  31.430, -46.124, -11.168
  32.205, -42.402, -11.738
  30.838, -42.614, -15.331
  27.596, -44.119, -13.972
  27.441, -41.399, -11.248
  27.931, -38.689, -13.902
  25.084, -40.199, -16.003
  22.716, -39.908, -12.963
  23.741, -36.254, -12.393
  23.293, -35.396, -16.104
  19.860, -37.162, -16.308
  21.178, -39.779, -18.834
  21.198, -42.836, -16.509
  20.553, -46.047, -18.480
  18.139, -47.979, -16.225
  17.924, -51.136, -18.487
  21.746, -51.558, -18.503
  21.888, -52.142, -14.720
  18.417, -53.719, -14.203
  19.611, -57.358, -14.330
  22.474, -56.849, -11.828
  20.103, -54.890,  -9.548
  17.518, -57.708,  -9.764
  20.136, -60.338,  -8.764
  21.236, -58.116,  -5.843
  17.600, -57.643,  -4.675
  16.940, -61.409,  -5.015
  20.031, -62.104,  -2.786
  18.851, -59.592,  -0.150
  15.196, -60.767,  -0.200
  16.012, -64.374,  -1.119
  17.468, -66.204,   1.915
  14.903, -68.927,   0.902
  15.564, -68.842,  -2.876
  18.768, -70.938,  -2.555
  16.441, -73.694,  -1.272
  14.570, -73.755,  -4.624
  17.873, -74.510,  -6.419
  18.324, -77.520,  -4.081
  14.754, -78.699,  -4.841
  15.435, -78.297,  -8.592
  18.594, -80.470,  -8.231
  16.603, -83.008,  -6.161
  13.796, -83.037,  -8.778
  16.325, -83.678, -11.589
  18.138, -86.335,  -9.513
  14.883, -88.098,  -8.504
  13.670, -88.053, -12.145
  16.943, -89.582, -13.362
  17.114, -92.113, -10.487
  13.436, -93.175, -10.756
  13.726, -93.500, -14.566
  16.891, -95.633, -14.166
  15.224, -97.855, -11.524
  12.107, -98.156, -13.741
  14.385, -99.323, -16.597
  16.215,-101.772, -14.294
  12.984,-103.140, -12.721
  11.364,-103.534, -16.171
  14.601,-105.268, -17.235
  14.483,-107.583, -14.197
  10.752,-108.365, -14.713
  11.370,-109.102, -18.412
  14.339,-111.367, -17.520
