residue_number,x,y,z
1,12.43,20.821,70.545
2,14.246,17.582,71.667
3,10.952,15.609,72.015
4,9.785,16.596,68.476
5,13.143,15.546,66.913
6,12.947,12.182,68.752
7,9.353,11.544,67.553
8,10.268,12.412,63.917
9,13.434,10.232,64.135
10,11.425,7.258,65.505
11,8.911,7.39,62.585
12,11.68,7.61,59.926
13,14.022,5.002,61.529
14,11.836,1.999,60.504
15,10.749,3.21,57.049
16,11.657,1.155,53.981
17,11.203,2.334,50.353
18,9.151,0.086,48.034
19,9.16,0.866,44.306
20,7.473,-0.609,41.238
21,9.907,-1.246,38.375
22,11.041,-2.938,35.203
23,13.92,-5.224,34.19
24,16.863,-3.82,32.204
25,19.498,-5.567,30.046
26,23.112,-4.673,29.205
27,22.441,-4.606,25.416
28,19.683,-2.242,24.22
29,17.914,-3.295,21.04
30,16.033,-0.803,18.824
31,12.537,-1.166,17.363
32,10.56,1.219,15.136
33,7.057,2.377,16.191
34,4.204,4.051,14.292
35,4.25,7.411,16.193
36,7.204,7.383,18.674
37,9.981,6.679,16.098
38,12.841,4.414,17.25
39,12.57,3.073,20.834
40,15.167,1.14,22.842
41,13.891,-2.19,24.255
42,15.433,-5.0,26.358
43,14.75,-7.686,23.705
44,13.614,-8.17,20.086
45,12.308,-10.967,17.849
46,13.842,-10.794,14.319
47,10.994,-11.307,11.796
48,13.23,-11.39,8.675
49,15.885,-13.674,7.159
50,18.266,-12.972,4.26
51,18.2,-16.191,2.194
52,21.247,-17.622,0.392
53,21.209,-19.067,-3.145
54,20.446,-22.819,-3.077
55,19.569,-25.656,-5.478
56,15.979,-26.109,-6.681
57,13.777,-28.747,-5.017
58,10.369,-30.404,-5.449
59,7.566,-28.313,-3.93
60,6.064,-29.993,-0.841
61,2.522,-31.363,-1.279
62,2.474,-31.239,-5.136
63,4.203,-32.771,-8.143
64,6.884,-30.468,-9.619
65,7.702,-30.896,-13.336
66,11.261,-30.125,-14.439
67,11.654,-31.546,-17.971
68,8.437,-32.168,-19.941
69,9.426,-35.869,-20.094
70,11.648,-36.666,-17.026
71,12.308,-40.217,-18.344
72,13.324,-39.026,-21.85
73,17.146,-39.165,-21.69
74,19.189,-36.934,-24.053
75,16.026,-35.104,-25.18
76,15.457,-31.35,-25.103
77,11.959,-30.174,-24.158
78,11.587,-29.193,-27.874
79,12.473,-32.798,-28.899
80,9.623,-33.974,-26.616
81,7.254,-31.212,-27.841
82,7.894,-32.204,-31.516
83,7.662,-35.969,-30.75
84,11.271,-36.759,-31.796
85,11.937,-40.537,-32.061
86,13.31,-41.873,-28.707
87,11.933,-38.69,-27.0
88,8.333,-39.96,-26.792
89,7.071,-40.441,-23.244
90,4.349,-39.53,-20.75
91,4.388,-35.906,-19.589
92,3.459,-35.981,-15.856
93,0.525,-33.819,-14.724
94,1.931,-31.043,-12.517
95,0.661,-27.749,-11.003
96,4.263,-26.473,-10.815
97,6.817,-26.409,-13.645
98,10.479,-25.333,-13.842
99,11.657,-23.322,-16.853
100,15.204,-24.76,-16.779
101,16.626,-24.332,-20.313
102,19.446,-21.754,-20.324
103,20.5,-22.199,-23.981
104,18.328,-21.398,-27.023
105,15.843,-24.269,-27.359
106,16.67,-26.62,-30.294
107,15.646,-30.078,-31.563
108,18.303,-32.659,-32.493
109,16.357,-34.319,-35.361
110,16.073,-33.133,-39.012
111,17.796,-29.689,-39.397
112,15.168,-27.105,-38.337
113,15.319,-23.409,-39.294
114,14.29,-22.502,-35.696
115,14.501,-18.697,-36.238
116,11.879,-18.708,-39.077
117,8.917,-19.254,-36.704
118,7.74,-19.17,-33.048
119,8.529,-22.954,-32.701
120,10.983,-22.388,-29.787
121,7.962,-21.13,-27.734
122,6.203,-24.554,-27.934
123,7.865,-26.137,-24.799
124,7.081,-22.966,-22.775
125,3.445,-22.975,-23.99
126,3.133,-26.673,-22.979
127,4.73,-26.104,-19.487
128,1.903,-23.642,-18.708
129,-0.671,-26.504,-18.604
130,-1.273,-28.92,-15.66
131,-2.366,-31.852,-17.882
132,-0.533,-32.519,-21.175
133,-1.105,-35.572,-23.389
134,-0.24,-36.476,-26.964
135,-3.282,-37.679,-28.942
136,-3.491,-41.443,-29.539
137,-4.786,-40.838,-33.095
138,-3.467,-38.777,-36.001
139,-5.58,-35.625,-36.536
140,-5.624,-36.229,-40.336
141,-4.846,-39.092,-42.727
142,-1.667,-37.748,-44.364
143,-1.516,-40.4,-47.159
144,-4.952,-39.385,-48.519
145,-4.555,-35.625,-47.984
146,-5.247,-33.173,-50.873
147,-2.538,-33.325,-53.622
148,-1.813,-37.015,-52.797
149,-1.604,-39.913,-52.697
150,1.439,-39.429,-50.485
151,4.066,-41.742,-49.024
152,5.192,-40.701,-45.54
153,8.836,-39.622,-45.639
154,11.402,-40.705,-43.053
155,14.992,-39.545,-42.475
156,18.255,-40.977,-41.161
157,18.616,-37.635,-39.314
158,15.704,-38.782,-37.072
159,16.676,-42.372,-36.166
160,13.825,-44.453,-34.726
161,14.011,-46.932,-31.788
162,15.528,-49.584,-34.144
163,18.071,-47.025,-35.547
164,16.142,-47.067,-38.854
165,14.919,-43.913,-40.56
166,12.253,-42.075,-38.519
167,10.467,-38.729,-38.238
168,8.634,-36.585,-35.626
169,5.402,-38.122,-34.2
170,3.617,-34.72,-34.509
171,4.144,-34.446,-38.311
172,4.022,-36.522,-41.512
173,6.389,-35.63,-44.366
174,4.065,-35.821,-47.387
175,6.005,-36.957,-50.498
176,4.043,-37.666,-53.742
177,3.843,-41.466,-54.072
178,3.822,-41.78,-57.873
179,6.054,-39.904,-60.366
180,2.876,-38.915,-62.334
181,1.834,-37.101,-59.149
182,5.224,-35.272,-58.818
183,3.905,-32.033,-60.306
184,3.495,-28.448,-59.186
185,0.222,-27.941,-57.279
186,-1.988,-24.977,-56.607
187,-2.372,-24.098,-52.879
188,-4.35,-26.973,-51.294
189,-6.415,-26.417,-48.113
190,-6.91,-29.038,-45.396
191,-9.063,-28.585,-42.284
192,-7.516,-29.671,-38.973
193,-10.408,-30.949,-36.804
194,-10.539,-30.535,-33.029
195,-9.991,-34.105,-31.688
196,-9.172,-33.35,-28.006
197,-11.709,-33.614,-25.134
198,-14.039,-30.641,-24.589
199,-12.303,-27.897,-22.529
200,-8.756,-28.89,-23.66
201,-6.645,-26.633,-25.874
202,-5.357,-28.483,-28.97
203,-1.78,-27.608,-29.989
204,-1.269,-28.743,-33.609
205,2.326,-28.958,-34.912
206,2.958,-28.626,-38.673
207,5.686,-27.466,-41.059
208,7.311,-27.676,-44.493
209,10.447,-29.148,-46.063
210,12.706,-27.509,-48.636
211,15.998,-28.541,-50.328
212,18.118,-27.631,-53.365
213,16.413,-27.452,-56.803
214,17.611,-30.964,-57.786
215,16.196,-32.621,-54.635
216,12.977,-30.54,-54.831
217,12.416,-31.715,-58.446
218,13.202,-35.368,-57.479
219,10.954,-35.397,-54.367
220,8.049,-33.172,-55.472
221,8.381,-32.456,-59.227
222,8.476,-28.712,-58.432
223,11.689,-26.757,-57.671
224,9.93,-23.383,-57.204
225,9.345,-21.732,-53.8
226,6.258,-23.268,-52.202
227,3.657,-21.261,-50.193
228,2.092,-22.223,-46.853
229,-0.577,-20.574,-44.686
230,-1.995,-21.63,-41.302
231,-5.183,-20.211,-39.729
232,-6.421,-20.916,-36.189
233,-8.028,-18.924,-33.317
234,-8.276,-15.738,-35.476
235,-4.501,-15.807,-36.306
236,-3.27,-16.334,-39.892
237,0.435,-16.944,-40.662
238,1.882,-17.089,-44.207
239,5.233,-18.625,-45.239
240,7.262,-18.951,-48.465
241,9.88,-21.717,-48.645
242,13.548,-21.022,-49.432
243,14.979,-23.23,-52.205
244,18.577,-24.441,-51.894
245,21.826,-22.918,-50.613
246,21.908,-24.971,-47.381
247,25.254,-26.551,-46.327
248,25.084,-30.183,-45.18
249,24.189,-30.315,-41.47
250,24.23,-33.309,-39.105
251,21.945,-33.428,-36.059
252,22.722,-35.571,-32.946
253,24.825,-38.222,-34.791
254,22.189,-38.685,-37.538
255,22.88,-38.605,-41.306
256,23.914,-35.261,-42.881
257,21.086,-33.411,-44.659
258,21.124,-30.806,-47.457
259,17.435,-30.057,-46.823
260,15.864,-27.982,-44.049
261,12.503,-27.978,-42.35
262,10.488,-25.054,-40.991
263,8.202,-26.034,-38.085
264,5.338,-24.063,-36.508
265,2.281,-24.698,-34.288
266,-1.368,-23.615,-34.062
267,-3.474,-23.331,-30.871
268,-7.051,-24.536,-31.482
269,-9.493,-23.648,-28.674
270,-12.13,-26.214,-27.589
271,-14.302,-27.255,-30.588
272,-12.407,-24.892,-32.996
273,-11.2,-26.055,-36.442
274,-7.76,-25.013,-37.719
275,-6.734,-24.847,-41.395
276,-3.513,-25.31,-43.37
277,-3.121,-24.185,-46.992
278,-0.074,-25.788,-48.614
279,1.888,-26.798,-51.733
280,4.733,-29.36,-52.139
281,6.947,-30.208,-49.124
282,4.171,-30.051,-46.488
283,4.73,-31.611,-43.052
284,1.098,-32.448,-42.209
285,0.015,-32.519,-38.534
286,-0.31,-36.043,-37.066
287,-0.499,-36.455,-33.266
288,-1.62,-33.248,-31.522
289,-1.134,-32.041,-27.939
290,-4.288,-31.91,-25.793
291,-3.647,-29.65,-22.781
292,-5.739,-28.366,-19.838
293,-5.53,-26.795,-16.375
294,-2.849,-24.327,-15.191
295,0.744,-25.081,-14.189
296,2.558,-22.28,-12.351
297,5.957,-21.746,-14.009
298,9.169,-20.284,-12.547
299,12.74,-19.987,-13.872
300,15.007,-22.516,-12.178
301,17.643,-25.231,-12.579
302,17.679,-29.029,-12.705
303,18.09,-31.528,-11.074
304,15.49,-31.009,-8.339
305,17.003,-32.143,-4.985
306,14.765,-32.984,-1.995
307,11.684,-30.919,-1.067
308,11.099,-27.272,-0.097
309,8.209,-25.137,1.229
310,8.911,-22.519,-1.474
311,10.474,-22.348,-4.951
312,12.004,-18.914,-5.632
313,13.525,-17.781,-9.005
314,16.526,-16.103,-7.292
315,17.242,-18.398,-4.301
316,15.962,-21.841,-5.457
317,14.31,-24.06,-2.819
318,13.539,-22.217,0.452
319,12.12,-23.432,3.768
320,9.935,-20.893,5.615
321,11.785,-20.256,8.917
322,10.452,-16.682,9.461
323,7.39,-14.831,8.063
324,9.51,-12.347,6.031
325,12.748,-12.125,4.045
326,15.086,-9.372,2.771
327,17.271,-9.322,-0.376
328,15.978,-9.633,-3.949
329,12.239,-10.062,-4.544
330,11.381,-12.413,-7.428
331,8.676,-14.773,-8.722
332,7.946,-17.655,-6.339
333,5.58,-20.623,-5.788
334,4.371,-22.305,-2.568
335,4.482,-21.333,1.12
336,7.093,-18.58,0.736
337,8.228,-15.934,3.243
338,7.015,-12.442,2.239
339,9.586,-9.99,0.859
340,10.275,-6.746,2.779
341,12.736,-3.922,1.888
342,14.34,-3.66,5.349
343,14.989,-6.045,8.292
344,11.998,-6.015,10.678
345,12.006,-6.631,14.452
346,9.159,-7.074,16.935
347,9.56,-5.763,20.511
348,10.108,-8.711,22.92
349,10.739,-7.04,26.277
350,10.361,-3.748,28.146
351,11.57,-0.22,27.288
352,15.318,-0.161,27.929
353,16.364,1.794,31.013
354,20.141,2.364,31.354
355,21.586,1.986,34.909
356,22.342,5.738,34.837
357,19.561,7.868,36.484
358,18.513,9.281,33.048
359,16.001,7.283,31.015
360,16.674,7.479,27.248
361,13.07,6.793,26.205
362,9.846,8.268,27.605
363,6.928,6.014,28.482
364,3.642,6.896,26.761
365,1.803,7.444,30.1
366,5.035,8.953,31.535
367,5.039,6.148,34.19
368,8.467,4.774,33.081
369,9.881,8.325,32.771
370,9.026,8.804,36.468
371,11.393,6.098,37.857
372,14.207,7.582,40.005
373,16.45,4.477,40.043
374,17.667,2.583,36.94
375,16.279,-0.695,35.607
376,17.039,-3.616,37.918
377,19.527,-6.269,36.756
378,18.375,-8.458,39.704
379,14.847,-8.956,38.229
380,15.526,-12.369,36.607
381,12.085,-13.855,37.448
382,9.935,-11.353,35.443
383,9.75,-8.077,33.487
384,7.591,-6.147,36.005
385,7.882,-6.229,39.794
386,8.748,-4.57,43.082
387,11.942,-3.619,44.954
388,12.355,-2.852,48.647
389,15.297,-0.721,49.863
390,16.054,-0.654,53.585
391,18.393,-1.803,56.374
392,18.064,-5.374,54.962
393,19.646,-4.228,51.647
394,17.673,-4.676,48.395
395,14.822,-7.162,48.07
396,13.328,-7.932,44.624
397,10.056,-9.707,43.706
398,8.526,-10.169,40.223
399,4.807,-9.579,39.491
400,4.248,-12.786,37.494
401,0.674,-11.779,36.449
402,1.667,-8.389,34.936
403,4.718,-10.016,33.25
404,2.548,-12.799,31.742
405,0.005,-10.254,30.366
406,2.855,-8.401,28.56
407,4.24,-11.721,27.151
408,0.709,-12.705,25.989
409,0.372,-9.404,24.042
410,3.78,-9.931,22.352
411,2.838,-13.553,21.478
412,-0.556,-12.441,20.05
413,1.162,-9.811,17.828
414,3.841,-12.343,16.722
415,1.13,-14.87,15.743
416,-0.923,-12.227,13.844
417,2.208,-11.107,11.902
418,3.206,-14.764,11.198
419,-0.322,-15.657,9.925
420,-0.265,-12.889,7.245
421,-0.812,-14.553,3.855
422,-0.201,-12.771,0.545
423,-0.137,-13.896,-3.09
424,3.409,-14.613,-4.306
425,4.734,-12.824,-7.404
426,3.558,-15.104,-10.26
427,5.093,-15.619,-13.692
428,2.752,-15.148,-16.658
429,1.611,-18.295,-18.478
430,2.547,-19.063,-22.111
431,5.604,-18.085,-24.175
432,7.264,-16.353,-21.193
433,10.712,-15.489,-22.667
434,9.341,-14.719,-26.177
435,6.668,-12.23,-25.015
436,6.763,-8.694,-26.362
437,9.158,-6.483,-24.353
438,6.276,-4.104,-23.479
439,4.263,-6.948,-21.833
440,7.369,-8.144,-19.906
441,8.109,-4.552,-18.783
442,4.46,-4.111,-17.709
443,4.587,-7.425,-15.73
444,7.799,-6.15,-14.031
445,5.985,-2.836,-13.182
446,3.121,-4.883,-11.618
447,5.477,-7.2,-9.671
448,7.544,-4.219,-8.379
449,4.333,-2.41,-7.344
450,3.026,-5.551,-5.592
451,6.341,-6.123,-3.774
452,6.675,-2.437,-2.707
453,3.004,-2.214,-1.573
454,3.123,-5.455,0.465
455,6.514,-4.504,1.997
456,5.105,-1.113,3.118
457,1.927,-2.745,4.556
458,4.015,-5.288,6.526
459,6.383,-2.557,7.795
460,3.323,-0.583,8.981
461,1.8,-3.701,10.648
462,5.116,-4.213,12.549
463,5.251,-0.472,13.493
464,1.66,-0.66,14.859
465,2.456,-3.944,16.688
466,5.529,-2.34,18.342
467,3.479,0.792,19.216
468,0.775,-1.386,20.823
469,3.358,-3.495,22.773
470,5.138,-0.356,24.1
471,1.888,1.475,25.009
472,0.54,-1.641,26.79
473,3.747,-1.818,28.886
474,3.013,1.698,30.241
475,-0.592,0.601,30.952
476,0.663,-2.531,32.79
477,3.105,-0.427,34.888
478,0.35,2.104,35.756
479,-1.908,-0.812,36.817
480,0.968,-2.224,38.928
481,1.488,1.174,40.673
482,-2.272,1.33,41.474
483,-2.212,-2.292,42.746
484,0.77,-1.483,45.042
485,-0.841,1.796,46.286
486,-4.089,-0.038,47.16
487,-2.214,-2.934,48.851
488,0.061,-0.74,51.023
489,-2.803,1.691,51.736
490,-2.383,3.475,55.148
491,0.848,1.526,55.949
492,2.878,3.609,53.431
493,3.054,7.097,51.864
494,3.31,7.692,48.093
495,6.563,9.612,47.401
496,6.094,9.772,43.571
497,7.888,7.988,40.686
498,6.218,4.604,41.431
499,7.767,4.585,44.97
500,6.246,4.399,48.457
501,7.842,4.991,51.871
502,6.555,2.361,54.329
503,5.875,3.147,58.033
504,7.142,-0.406,58.78
505,10.031,-2.63,57.625
506,9.468,-4.464,54.347
507,12.023,-7.286,54.027
508,12.073,-10.01,51.304
509,9.154,-11.895,52.992
510,7.04,-8.705,53.052
511,7.896,-8.004,49.351
512,7.057,-11.614,48.334
513,3.608,-11.196,50.048
514,3.084,-7.941,48.047
515,4.021,-9.713,44.765
516,1.706,-12.667,45.642
517,-1.177,-10.219,46.502
518,-1.372,-11.67,50.086
519,0.041,-8.626,51.93
520,-2.232,-7.348,54.735
521,-1.627,-3.7,55.664
522,-3.77,-4.195,58.819
523,-0.835,-6.108,60.435
524,1.066,-2.759,60.48
525,-0.077,-0.143,63.032
526,-0.317,3.509,62.077
527,1.346,5.777,64.715
528,-0.797,7.13,67.63
529,-4.271,5.475,67.394
530,-4.908,1.706,67.136
531,-8.614,2.502,66.464
532,-7.583,4.322,63.256
533,-5.908,1.127,61.919
534,-9.296,-0.666,61.85
535,-10.991,2.284,60.084
536,-8.0,2.716,57.728
537,-8.039,-1.008,56.801
538,-11.771,-0.79,55.923
539,-11.218,2.464,53.96
540,-8.312,0.767,52.106
541,-10.629,-2.084,51.086
542,-13.105,0.598,49.909
543,-10.305,2.062,47.693
544,-9.398,5.08,49.871
545,-5.783,6.004,49.174
546,-3.144,6.543,51.878
547,-3.09,10.326,51.252
548,-6.858,10.535,51.927
549,-6.534,8.503,55.158
550,-3.675,10.709,56.459
551,-5.65,13.831,55.41
552,-8.677,12.722,57.47
553,-6.406,11.908,60.452
554,-4.457,15.208,60.345
555,-7.651,17.301,59.889
556,-9.442,15.574,62.807
557,-6.39,15.665,65.123
558,-5.58,19.362,64.409
559,-9.239,20.435,64.86
560,-9.377,18.511,68.185
561,-6.042,20.069,69.285
562,-7.309,23.643,68.607
563,-10.603,22.917,70.45
564,-8.808,21.399,73.483
565,-6.303,24.325,73.671
566,-9.151,26.871,73.656
567,-10.914,24.867,76.422
568,-7.686,24.618,78.537
569,-7.003,28.374,78.079
570,-10.568,29.276,79.205
571,-10.332,26.918,82.234
572,-6.88,28.361,83.124
573,-8.172,31.987,82.996
574,-11.222,31.113,85.16
575,-9.032,29.263,87.721
576,-6.526,32.179,87.923
577,-9.337,34.73,88.505
578,-10.805,32.494,91.27
579,-7.373,32.224,93.035
580,-6.775,36.007,92.802
581,-10.301,36.727,94.187
582,-9.772,34.325,97.15
583,-6.444,36.039,98.162
584,-7.959,39.587,98.071
585,-10.489,38.786,100.836
