residue_nr,total_contribution
563,0.08911362787985662
565,0.0889434015460045
567,0.08763639236132674
564,0.08758851455341747
561,0.08641009875084413
562,0.08587467038056604
566,0.08576327576246065
560,0.08562093640548486
569,0.08498543028060983
568,0.08455489055914958
559,0.0826925811427813
557,0.08178642381087903
570,0.08177627679723902
558,0.0813485612045083
556,0.08009591940610895
555,0.07725501846642159
553,0.07706312345746812
554,0.07698121308262681
552,0.0742838985481317
550,0.07263072083400772
551,0.07224368785669148
549,0.0717194891953477
165,0.07104744137646218
164,0.06996050110949736
163,0.06904650034584588
548,0.06856701752501107
546,0.06832636163941158
547,0.06770474871291388
166,0.06746518180239985
545,0.06630658503802894
167,0.06624105450583523
168,0.06575365587372388
162,0.06574393451800839
206,0.06500429949050103
203,0.06491496332669561
134,0.06412079883964945
202,0.0638593848663421
542,0.06379277276863236
543,0.06356862701175386
161,0.06348810665034399
544,0.06340875201977471
169,0.06296713224685883
133,0.06261948510319144
199,0.06258214379506145
204,0.06250171662455806
205,0.06235649249010783
207,0.06235228963733783
135,0.061877316779069234
136,0.061836591833997555
132,0.06130272584744657
170,0.06126653251001507
200,0.06100448985043185
541,0.06087214191495067
208,0.0605622296217546
129,0.060504666533809134
160,0.06035630607390291
201,0.06024081254434621
198,0.05999358557151384
128,0.059850563178771236
350,0.05984531194615326
521,0.0597514867352324
539,0.059696254681165656
520,0.05930505141731807
171,0.059188199225828575
514,0.05910137008063483
131,0.05909256482068245
538,0.05898787598077835
518,0.05895361468027802
540,0.058745692259185876
137,0.05842113883502019
209,0.0583806829054829
515,0.058089609971364226
130,0.05803576645090979
138,0.057830049759197234
351,0.05774716083457889
265,0.057647555288231504
522,0.0576175807367287
159,0.05730679285849933
349,0.0572617797483392
197,0.05716108996289844
517,0.0571434814623974
519,0.05711416339526671
139,0.05630109259327514
127,0.05616373685015142
149,0.056160299661945606
264,0.05605164909522697
150,0.056048742097340315
173,0.056006806154608825
535,0.05586681346575329
172,0.05569774669277345
513,0.055691797459083245
537,0.05567118376253894
126,0.05566696201301632
266,0.055617196457562044
196,0.05541184323004684
512,0.05532638328979577
140,0.05527036609086295
524,0.055057576488269214
516,0.055021383406610606
141,0.05496930761902605
352,0.054892073201891205
536,0.0547954680455396
210,0.054754671206115484
158,0.054695723743699506
243,0.05466173229529909
523,0.05459156465640155
211,0.05437437516256072
525,0.054303980525696245
228,0.05411797540120425
348,0.05408797369020828
534,0.05383522111544703
229,0.053734014795556194
147,0.05359142851487749
195,0.05354194896842423
267,0.05347911223591413
151,0.053473343476951894
244,0.053445413730904764
347,0.05342716190875272
148,0.05331842795195503
174,0.0532425080543142
242,0.05321325089764101
263,0.05300478891923602
511,0.05296936938182195
157,0.052960843952472074
194,0.05245067544055734
175,0.05240903648871351
125,0.05218048931178789
212,0.05175084778302205
241,0.0516853078387357
142,0.05163385277779752
145,0.05154132968497675
353,0.051534907786103916
144,0.05151451816595379
268,0.05150496480599592
531,0.0514803139017497
269,0.05139654882558397
152,0.051335639663480696
230,0.051201160306639446
532,0.05108614756771907
240,0.051023633891349576
262,0.050926968234390774
533,0.050884522858789125
227,0.050762145506083496
526,0.05075641955924057
226,0.05054383443566265
143,0.05047879332683852
193,0.050470704117925626
146,0.05038640641739106
245,0.050055827476996904
123,0.050024757974211194
488,0.04991858401253581
346,0.049758573257397146
176,0.04968790527887081
213,0.0495918819653253
354,0.049565909266632464
510,0.04940368698877026
156,0.049229171275694386
271,0.04922539724649869
95,0.04907265988131576
122,0.04904738930477785
225,0.04904281463260955
231,0.04892977511417628
124,0.048849465310828774
489,0.04878535468469769
246,0.04876692331631515
261,0.0486000671597236
270,0.048494050505373976
529,0.04843579492788116
527,0.04834512063821686
530,0.04830184797764587
376,0.04806226985085426
153,0.04805034926389268
509,0.04802094467352519
154,0.047910950139407646
239,0.04767885477180771
192,0.047610352351164134
177,0.04761005527165702
94,0.04749192643321763
490,0.04722995592050741
70,0.04717518954250521
96,0.04713299052478658
345,0.047071508146650384
214,0.04704053081138749
260,0.046847200947522205
178,0.046705612693009775
487,0.04667161818503692
478,0.046669535761257826
1,0.04656331405382986
476,0.046555914881865536
475,0.046432079083684366
528,0.04643058553246372
191,0.0463966860541202
272,0.04638629145210249
486,0.0463460315965193
155,0.04633855017836587
121,0.04633408699762247
224,0.04627547039566508
247,0.046158892970585244
375,0.04614126058075349
508,0.04613589684863483
233,0.04605115723566634
355,0.0459723391391719
477,0.04594391748123556
232,0.04584287708990758
234,0.04548075256281551
507,0.04520770155643122
71,0.04509599976989317
480,0.04502837740230382
97,0.04500095084115423
69,0.04496884406000158
377,0.04492756390541496
215,0.04489162773869714
223,0.04465629719107033
93,0.044534591082414164
248,0.04440249928316627
2,0.04425736315291348
238,0.044238771310201506
180,0.04421387450927334
259,0.044091906641899666
479,0.04403681151582196
258,0.04377698035326472
120,0.04375851774207625
68,0.04374228478688946
98,0.043709267045121354
491,0.04355475637079141
190,0.04354078517201703
179,0.043436610592082876
344,0.04343232942792851
237,0.04342809602405962
506,0.0433030580357347
273,0.04328425361816329
378,0.043258884586607455
485,0.04303682837176681
216,0.043009423562146536
374,0.04297175785173497
73,0.04273125487332585
474,0.042678664677146254
189,0.042476892563556926
356,0.04244534713470188
67,0.042354528010868954
492,0.04222505199592086
249,0.042127086852728444
72,0.04206353074947405
481,0.04196641203019401
343,0.041954626869939976
235,0.04195072039508326
222,0.041775326431772314
119,0.041296696779702644
473,0.04128442745290965
101,0.04123941428351876
221,0.040959228672391476
3,0.04087825613446517
181,0.0407916414413285
92,0.04078688941880913
250,0.04070766086418049
505,0.040650559201087115
484,0.04062450180187713
217,0.04057277039646466
236,0.04046500271515443
64,0.04044913754022381
257,0.040393823539566456
91,0.04038407988734986
99,0.04036357054960949
373,0.04029558938632498
74,0.04012227243669572
379,0.04006138690719811
495,0.03997949154154273
251,0.03991236638301198
256,0.039817724444180275
274,0.03971442160830707
102,0.039666291150781796
357,0.039468830626317876
65,0.03928554962094113
482,0.03896267143515182
188,0.0389510594249983
66,0.0388593268894672
187,0.03879619984033936
342,0.03877967614258589
253,0.03877560695708962
182,0.038742119126134865
100,0.03874163799477752
59,0.03868914198987632
493,0.03864065638095982
470,0.03862739358138357
60,0.03860776035323649
494,0.03859286984398147
104,0.03835339341202502
4,0.03831363183508552
504,0.03812940119736236
57,0.03806328726443797
275,0.038040245846582825
58,0.03800122301404413
472,0.03798403862039328
380,0.037975872692316
118,0.03796436231169421
75,0.03791130298003558
220,0.0378311224844633
63,0.03766148263995169
483,0.03755733152262144
471,0.037546419220298506
496,0.037509999608153606
252,0.03749131167481177
219,0.03745586258291359
218,0.0373773805609502
90,0.03730463887221595
372,0.036846328662503806
183,0.03678117028278532
255,0.036705385175265635
103,0.036657939070082114
61,0.03652372132536742
358,0.03652010157390044
469,0.036223585991391805
254,0.03608370501884254
56,0.0358425758958043
498,0.035833935151798495
499,0.035769739934840054
105,0.035630247786398284
107,0.03545121409667182
341,0.035441908150022114
186,0.03532653081489882
62,0.03518912653742464
503,0.034947189075813505
54,0.03486746557270402
76,0.03486715982811482
185,0.03484463876137518
5,0.034753840285929295
497,0.03471821884765596
381,0.03458176276709865
117,0.034486276178537154
466,0.03444994188624198
371,0.03435817608036614
276,0.034355022905164526
467,0.0342995660400303
89,0.03400712373993423
108,0.03377312511625476
184,0.0335197677835798
359,0.033408720953145316
468,0.03338426904795443
106,0.03335785173859787
340,0.0329408351984478
55,0.03285928368997045
502,0.03278386831483275
53,0.0327834444395994
111,0.032736632756856766
6,0.03270673598010212
382,0.03244829270858743
500,0.032370121158229855
77,0.0319358111826566
361,0.031828218426355685
88,0.03154218078561114
116,0.031536176461429935
110,0.031517583313240935
277,0.03137324179123026
360,0.0313444928876193
501,0.03127951364207556
363,0.03121740038976306
465,0.031134750263945035
463,0.031054620976405888
339,0.030953185297491432
52,0.030732247102212253
370,0.030726824329035153
109,0.03042912310651799
362,0.029969458360353297
78,0.02987548148443878
462,0.029688371317714606
112,0.029612245646338
464,0.029588299257754358
364,0.02936332879486088
7,0.029338256209361313
416,0.02919529745219796
383,0.029175478818894172
114,0.029146393888829534
86,0.02898077580027547
338,0.028655048266487328
384,0.02833310353802178
419,0.02830272605331381
115,0.02809244129111234
87,0.028071202811220088
415,0.02787842155047716
278,0.027711856118122036
369,0.027652302741387847
8,0.027626004325031074
113,0.027601284543560138
9,0.02752008415177002
459,0.027443218556813403
51,0.02708621128299021
50,0.026723131998663743
79,0.026540067576799182
365,0.026383675373372883
460,0.026342354214818998
461,0.02629507248100937
418,0.026254543625461358
420,0.026227900238182843
85,0.026170878126562026
417,0.02572315396170227
10,0.025671726200081336
366,0.025631454250785463
421,0.025432594564355034
84,0.025398721439868165
279,0.025296675421136762
11,0.02520902287407172
385,0.025032207381361832
337,0.02498155962844304
368,0.024968841930607926
367,0.024920588019761818
387,0.02486098365100642
287,0.024773036644235656
280,0.02471839294774876
288,0.024712374500566313
458,0.024686120381398894
82,0.02456774055161663
414,0.024534874906415795
386,0.024250910296851724
83,0.02402692452898141
48,0.02365842124122413
80,0.023577289266155838
49,0.023524088508263916
336,0.023475965338968157
388,0.023060345742152568
286,0.02274355497845687
422,0.022613142628294915
282,0.02250812131124656
335,0.022495376830035625
81,0.022488191289056006
289,0.022434001661905817
457,0.022157349072023932
456,0.02213104677926564
12,0.021713706246291948
281,0.021594043377066136
284,0.021254228411443112
413,0.021237568977255043
285,0.021074386150414057
27,0.02100219963696563
25,0.020970037832708524
424,0.020902283218546668
423,0.020734200238231457
455,0.02062205318694169
47,0.020507108279242438
26,0.020415958922560023
283,0.020367802606280284
290,0.020280987515461365
21,0.020247924362888477
389,0.020223830849775776
390,0.020174542458650146
24,0.02011412355696403
43,0.01999879397739924
391,0.019914332990295013
425,0.019801505487891214
334,0.01953150113859938
13,0.019330572895356314
412,0.019065755179192942
42,0.01868351814402497
41,0.018505438451709558
291,0.018479740897068532
20,0.01802971575481826
22,0.017973053358602085
23,0.017888856489459044
454,0.01785487738876731
44,0.017799529398487238
46,0.01765270700534845
28,0.01744122100784147
14,0.01733046554187306
392,0.01725358348867391
40,0.017208567630448826
453,0.01712349476247583
452,0.01705395720061376
426,0.016979854108693522
15,0.016869161766929555
292,0.016796888079032023
45,0.016353066483935967
428,0.016118899234673474
411,0.0160601176071664
427,0.01602182633529857
298,0.01591201193004248
333,0.015906269159198752
394,0.015653602574473388
18,0.015606281709472163
393,0.015555402885996465
296,0.015270752608976312
332,0.015253803925174395
318,0.015224987939173554
301,0.015217315525429868
16,0.01515899978215009
451,0.014864607172801352
19,0.014720695391905573
302,0.01439772062000125
17,0.014378094196135302
316,0.014303959875755586
395,0.01422424035196156
293,0.014126187633249104
29,0.014117424698330015
317,0.013959100152446483
297,0.013941174759056882
429,0.01390693008740832
39,0.013806601294202402
319,0.013671048305641333
299,0.013490429603827575
295,0.012713160250453697
449,0.012600163449502778
450,0.012521938642350895
410,0.012451119189176704
300,0.012428634847850777
294,0.012102400489181054
315,0.011900499335476088
38,0.011823090598804955
448,0.011787950654160393
396,0.011762436660344447
331,0.011679392339821163
430,0.011608929698299731
431,0.011479598676697568
409,0.011029969904519932
432,0.011016215425713892
303,0.010966117991900491
397,0.010941701519884531
30,0.010905157291991855
398,0.010491604410912117
320,0.01032837619694877
330,0.010095686157211754
408,0.009730361499507791
304,0.009255715807552883
447,0.009159493189425116
321,0.00896236584451113
399,0.008625737002895225
37,0.008538800662451359
314,0.008360538145425455
433,0.008349765410414892
31,0.008337468885285484
445,0.00787890266401916
446,0.007619567232392236
313,0.007569162868113695
329,0.007367676551123492
435,0.006894437148853644
305,0.006763905739313893
400,0.006753513531915466
434,0.006677242115136609
36,0.0066456691608973665
407,0.006333944699715477
401,0.006242026087776858
444,0.0061714004242682695
32,0.005938779111956522
328,0.005844650276100622
322,0.005757063810560469
436,0.005660991630224013
402,0.00535190738058185
312,0.005038042617132937
406,0.0050313052113553965
306,0.00489694862963173
327,0.004641013640893938
323,0.004606090800406031
324,0.0042943519883073605
35,0.004234716538424233
33,0.004126653937349824
403,0.003979959138593152
307,0.0038226435971712757
34,0.003749869528197975
443,0.003742434449682747
310,0.0036270310868462435
404,0.00349397490330005
311,0.00337821921003316
308,0.0033205878444983196
442,0.003096683565340261
441,0.003074580711134082
437,0.0030305602771854086
309,0.003001718948615704
405,0.002848444690358205
326,0.0025611683742166533
325,0.0023190942892519968
439,0.002222939690970837
438,0.002040690781866062
440,0.0016638421258726801
