residue_nr,total_contribution,normalized_contribution
420,0.12190348244801766,1.0
421,0.12062064057523093,0.9894765773132547
424,0.11410106700450247,0.9359951390491054
418,0.11274585353852765,0.9248780369060003
416,0.1087174367284805,0.8918320834258366
419,0.10748121630036835,0.8816911062914115
428,0.10134754913651585,0.8313753397466122
425,0.09983586132447071,0.8189746455114023
417,0.09880789815695115,0.8105420466481343
423,0.09861625838433559,0.8089699851387572
422,0.09648207920910941,0.7914628628452145
427,0.09629309255548123,0.7899125654309567
431,0.09170189035326239,0.7522499645764107
415,0.08996850703919251,0.7380306553388011
230,0.08978653272893106,0.7365378816574664
432,0.08506292638097158,0.6977891416452708
435,0.08401102762090727,0.6891601940636227
426,0.08254469020279173,0.6771315186831567
505,0.08199332932048255,0.6726085889748582
232,0.08042913270609678,0.6597771539495891
229,0.08015373274225243,0.6575179899100237
228,0.07972013832001568,0.6539611233338646
429,0.07955922233630824,0.6526410955506055
231,0.07883954449284833,0.6467374262787551
410,0.07640553614222838,0.62677074196637
414,0.07624643873537063,0.6254656323529051
430,0.0755499270802999,0.6197520002147276
506,0.07498287181184347,0.615100326143823
412,0.07408863517926563,0.6077647142759737
413,0.07396197635403529,0.6067257051952909
233,0.07316552878442013,0.600192277653918
439,0.07242223099569033,0.5940948489849153
234,0.07232754237951597,0.5933180982779391
434,0.07134080629592343,0.5852236938870449
227,0.07056720494331561,0.5788776786865546
216,0.07046985387413857,0.5780790873155611
436,0.07044314925568049,0.5778600236930803
503,0.06999435875691384,0.574178500493298
236,0.06896239830629136,0.5657131110729215
438,0.0682357685962832,0.5597524141722567
501,0.06819065737005,0.559382357260614
237,0.06794435161321027,0.557361859142812
504,0.0666876226354107,0.5470526460460042
409,0.06638320975533851,0.5445554829300777
208,0.06551839421531878,0.5374612184951917
411,0.0655059736678416,0.537359330122294
407,0.06537246572480611,0.5362641362824263
225,0.06488065268561258,0.532229690101586
433,0.0648655308861311,0.5321056427882707
235,0.0647753338824617,0.5313657377268393
19,0.06456786635046521,0.5296638377660653
218,0.06456597019017833,0.529648283162958
207,0.06447436410089512,0.5288968190747825
405,0.06406993554628841,0.5255792062676244
168,0.0639522729335867,0.5246139950173889
502,0.06385098590798731,0.5237831161649937
226,0.06364576665981746,0.5220996593510561
169,0.0635218441659949,0.5210830969745431
408,0.06344957620489915,0.5204902676341133
507,0.06341931182078804,0.5202420025025244
442,0.06309613426988954,0.5175909088306409
209,0.06261387494408452,0.5136348337774883
254,0.06239939382542224,0.5118753998847467
18,0.06177326734676078,0.5067391522067655
206,0.06155786240478117,0.5049721399963353
217,0.06138637575461925,0.5035653988047122
220,0.06119633335075579,0.5020064408484086
222,0.061154054641820624,0.501659619674098
324,0.061140739986638395,0.5015503967469523
487,0.06070534977268801,0.49797879891227975
500,0.06067583428411639,0.4977366771288909
221,0.06049459187317289,0.49624990737216323
404,0.0602542721484545,0.49427851393948696
215,0.06024880377893242,0.4942336557499401
211,0.05987584738720609,0.49117421573857395
213,0.059579038574448774,0.48873943039202833
20,0.059535088585160316,0.4883788993521772
195,0.05925084109384895,0.48604715717711194
238,0.05923162901217066,0.4858895564154891
255,0.058967873571885564,0.4837259148608061
374,0.05888455596809718,0.4830424429688205
170,0.05882663682589395,0.482567320018761
489,0.05879260250648835,0.48228812931212867
311,0.05878688681002497,0.4822412422474723
171,0.058610680356732094,0.480795783514429
210,0.05843804326969371,0.4793796050462544
239,0.058407349784590286,0.4791278199086435
21,0.05800341135623619,0.4758142277105999
219,0.05795117849401922,0.4753857505156252
223,0.057925586865194285,0.47517581698205413
492,0.05784382137385817,0.474505077396161
443,0.057711583983423,0.47342030616748376
325,0.05763971430567923,0.47283074402946673
473,0.057559252582303384,0.4721706995273734
22,0.05746401522012657,0.47138944734110033
196,0.057411437934496413,0.4709581447681605
89,0.05719206717076436,0.4691586000847213
310,0.056922117260217044,0.4669441439828423
491,0.05689960152163585,0.46675944262625224
241,0.05688242285848164,0.4666185224260313
490,0.05682888483729692,0.46617933873652884
437,0.056802875521771684,0.46596597883078267
17,0.05669682957702328,0.46509606156001376
100,0.05663319519606464,0.464574055299973
472,0.05653993029143895,0.46380898359937195
373,0.05643254049163969,0.4629280424019369
253,0.056307766945748274,0.4619044986656485
446,0.056237138899285,0.46132512189113023
470,0.05599948833243674,0.45937562412391425
224,0.0559030600193588,0.4585846023159929
167,0.05586816401463068,0.4582983430227606
259,0.05552069902686431,0.4554480143792411
257,0.05549140927819221,0.4552077443879011
496,0.05546987702293774,0.4550311107526508
375,0.05515600061468473,0.452456316317333
493,0.055059813671595785,0.4516672745183839
440,0.05489919123104664,0.45034965473161825
23,0.054759802943068286,0.4492062231808601
256,0.0546287527341511,0.44813119065278556
101,0.05457977349695968,0.4477294036307265
212,0.05453460839900994,0.4473589047980209
214,0.054374663668450715,0.4460468444093652
486,0.05414557822912097,0.4441676081912577
469,0.05408539022813487,0.44367387331365266
180,0.05378587230610695,0.44121686457187503
181,0.05373302518341441,0.4407833484685506
488,0.05361887697562692,0.43984696662370737
197,0.053403237984828045,0.4380780344614057
323,0.053253624376929175,0.4368507224528036
499,0.05308925196164275,0.435502340831659
173,0.05274861572541704,0.4327080298785575
312,0.05252880939694082,0.43090491216557547
474,0.05223541412317054,0.4284981287999289
406,0.05214805515104505,0.4277815047103526
240,0.05199816465194908,0.4265519213048097
495,0.05136118726641445,0.4213266613471522
471,0.05125860320230173,0.420485142614031
326,0.05123103209582239,0.4202589710073987
441,0.050438272175219484,0.41375579402932544
194,0.05035284776919701,0.41305503959387363
494,0.05029117818198826,0.4125491509517255
90,0.05026770474243008,0.4123565933718533
172,0.05023211938999375,0.4120646792138513
98,0.05007522422999688,0.4107776350962743
92,0.04984368263709579,0.4088782505319341
497,0.04959224629001315,0.40681566509931644
91,0.049571299984166234,0.4066438381307485
313,0.04940496575051884,0.40527936329945463
258,0.048801629720048326,0.40033007047898256
309,0.048669652941851334,0.39924743710750965
322,0.04795807564889994,0.3934102183614838
13,0.047907178538790056,0.39299269862301706
16,0.04770590879684997,0.3913416404424117
242,0.04767367116138017,0.3910771883133796
99,0.04738335589623838,0.3886956709086936
445,0.047247738078853393,0.3875831693241485
15,0.047233707038071886,0.38746806973470493
176,0.047116923466600194,0.3865100694452424
260,0.046975614484263024,0.3853508820332058
130,0.04683070466088165,0.3841621561619562
205,0.046503284738363924,0.38147626142012764
243,0.04649673297381244,0.3814225159124529
166,0.04633306377673167,0.38007990293869676
198,0.04609859092160476,0.3781564726115369
498,0.046045638081560356,0.3777220892864585
261,0.04577765378301011,0.37552375751472655
102,0.04567121936621958,0.3746506535257908
86,0.04556263657240636,0.37375992594662155
93,0.045508483095002876,0.3733156935398355
450,0.045393173299112397,0.3723697829425755
175,0.045214182630214164,0.37090148470118145
252,0.04510080706237846,0.36997144098496487
372,0.04481537977528783,0.36763002069607076
174,0.0445795126589026,0.36569515294948435
251,0.04425056552878564,0.36299673020133005
449,0.044233541145767184,0.3628570755936308
37,0.04421157415087538,0.36267687569736307
468,0.04414076574931138,0.36209601943188113
199,0.04409461654066648,0.36171744773140013
146,0.044069183793342084,0.36150881753631736
38,0.04395300883369682,0.3605558098181433
35,0.043946059053062314,0.3604987993005195
193,0.04380359192537026,0.3593301113776555
182,0.043781309566599605,0.3591473244849172
376,0.04363080745264596,0.3579127238735867
485,0.04356878614433518,0.3574039499889913
466,0.043443349174549103,0.35637496404644803
178,0.04321105061376819,0.35446936991479583
148,0.04308920631437447,0.3534698554058836
447,0.04285243291846694,0.3515275532570627
24,0.04280109492408663,0.3511064168518563
96,0.04263978695022403,0.3497831734906062
147,0.04258829711752407,0.349360791523611
145,0.04252938325684752,0.3488775086879326
97,0.042324425181480885,0.3471961943296325
129,0.04222285219906545,0.3463629697131106
131,0.042187108708294944,0.34606975831297077
179,0.042143622930659826,0.34571303529930575
204,0.042041245972535835,0.34487321550032957
377,0.04185269943648765,0.34332652846348805
444,0.04178325277135206,0.342756842809387
297,0.04155245983414349,0.3408635996257316
177,0.04136668544283001,0.33933965307734076
25,0.041152797090837474,0.33758508177472235
402,0.04111029587144614,0.33723643530016856
14,0.041046783171928336,0.33671542721867354
475,0.04093319791353162,0.3357836633665199
36,0.04088834857903768,0.3354157548080989
467,0.04081144828176789,0.33478492543616045
403,0.040773991121346706,0.33447765644212535
337,0.04015326207444619,0.3293856850362616
88,0.04008486742182347,0.32882462926288053
200,0.0400297226752271,0.3283722652656511
250,0.04000303597174389,0.32815334860349105
371,0.03986491241826408,0.3270202919368063
453,0.03957177991733377,0.32461566415223664
244,0.03947386404301919,0.3238124395654711
183,0.03947133404153562,0.32379168542922526
360,0.039439914495476076,0.3235339442603219
245,0.03937355323277896,0.3229895688137434
465,0.03935578680289167,0.32284382703893505
327,0.03915439255413382,0.32119174750262053
340,0.03883473733895773,0.318569548294223
140,0.038639887094432765,0.3169711506060515
122,0.03844544510158815,0.31537610189259474
143,0.03844182451702884,0.3153464014731596
314,0.03811960256879033,0.312703146811621
384,0.03810094573873516,0.3125501008962746
398,0.03766254635748057,0.308953818226979
378,0.03759522786296239,0.30840159040570336
308,0.037569547336001534,0.30819092762195716
141,0.03756018051873413,0.3081140896426041
262,0.03755503498433049,0.3080718797376834
11,0.03740819981080418,0.3068673598127589
248,0.037394622744619965,0.30675598427276973
142,0.03729555920350042,0.3059433451329339
144,0.03700404385153017,0.3035519831626592
321,0.03691909906377834,0.30285516313712746
298,0.03680245141586851,0.301898277857336
39,0.03663963756824957,0.300562681495777
339,0.03659933861319116,0.3002321006604379
121,0.03605369924010958,0.2957561057001278
338,0.03605322442298419,0.29575221067501567
165,0.035948845817998606,0.2948959709442919
296,0.03575314078488418,0.29329056124487757
192,0.03574975861032907,0.29326281655303454
149,0.035487774283436885,0.29111370381539065
123,0.03523968026554937,0.28907853621471685
57,0.03522997719757743,0.2889989398998529
249,0.035177225147986727,0.2885662037012525
342,0.03488811560023354,0.28619457705082874
246,0.03487543362080912,0.2860905440964804
12,0.03476313173290652,0.28516930800340584
34,0.03460926371572425,0.28390709617735826
103,0.034478479442685527,0.282834245177433
264,0.03446207191224137,0.2826996507416165
464,0.03433499650070366,0.2816572243155142
370,0.03427467574589016,0.28116240043023905
399,0.03420740177383075,0.2806105378360913
401,0.034200578758607346,0.2805545672018946
395,0.03409442495974866,0.27968376518109134
128,0.03408010936657395,0.2795663313482981
454,0.03407006564029082,0.2794839405413955
328,0.033990522585481624,0.27883143207148275
124,0.03386960035066313,0.2778394814529263
201,0.03377506108819757,0.2770639559259515
247,0.03377133172881843,0.27703336320370725
476,0.033760227007709843,0.27694226883227846
203,0.03364862892434327,0.276026806196384
379,0.03358089176046128,0.2754711439419371
58,0.03356490920788676,0.2753400356892969
484,0.03355925862103964,0.2752936827325671
348,0.03347952888518988,0.27463964287867076
320,0.03345789646720995,0.27446218758743945
347,0.03342564418034274,0.2741976152699015
1,0.03332262954246056,0.27335256444925654
126,0.03329586481110943,0.27313300770802446
383,0.03324341718594366,0.2727027687672449
10,0.03322248515548773,0.2725310589027228
448,0.03315604315223376,0.2719860211243123
362,0.03301161137858996,0.27080121679597496
391,0.03299810449903237,0.27069041701170016
69,0.032865854244127544,0.26960554025306266
85,0.032851528063527535,0.2694880195693848
382,0.03283275040216388,0.26933398244930773
184,0.032672009790854765,0.26801539328285257
95,0.0326085597238771,0.26749489898930584
380,0.032590812825271105,0.267349317433721
349,0.032470400785879504,0.26636155205595213
369,0.03232565929849001,0.26517420708037925
105,0.03217743828038269,0.26395831877980896
202,0.03207748540036375,0.2631383842052445
457,0.03196287088436981,0.26219817713574745
87,0.031958427903889364,0.26216173042896573
359,0.03177707965182571,0.2606740924351867
125,0.03175940201975464,0.26052907908760975
33,0.0315945723519139,0.25917694652723744
263,0.031446174937267826,0.25795961120862293
463,0.031164134095742056,0.25564597064756645
462,0.031030419820339567,0.2545490842197361
387,0.030985973923775372,0.2541844851478175
461,0.03058493693767387,0.2508946940930581
336,0.030253251064459242,0.24817380485713275
191,0.03016019500869724,0.24741044638784798
394,0.030119337588519514,0.24707528434524473
26,0.030097048168753048,0.24689243952966722
190,0.02973338850106203,0.24390926250807482
132,0.029720790855587865,0.24380592136292306
361,0.029597499893531682,0.2427945395748043
388,0.029563658430271495,0.24251693090784418
295,0.02954485114885547,0.24236265080822483
363,0.029348401994256895,0.24075113692319416
284,0.02933536125728461,0.24064416100494798
315,0.029281410183564525,0.24020158895830368
341,0.029258756543359722,0.2400157563655846
55,0.029180965254723162,0.23937761800337878
483,0.029128638816918243,0.23894837318810264
451,0.0290866636601488,0.23860404211628652
94,0.02903379525578444,0.23817035143491566
56,0.028837098319392043,0.23655680494352424
335,0.028788607661814593,0.23615902584317633
120,0.028715832461357726,0.23556203551119054
358,0.02871445487503984,0.23555073487982034
299,0.02864460595101815,0.23497774941116095
40,0.028546382621319644,0.23417200270297817
185,0.02846684043204294,0.23351950133321114
31,0.028382819998609463,0.23283026398128145
460,0.028233581258698626,0.23160602709391875
385,0.028230567173468245,0.2315813019165091
307,0.02820489657747321,0.23137072059857192
59,0.028049417013217507,0.23009528891168798
282,0.027735303277018963,0.22751854762513377
350,0.02765025040501833,0.22682084096169286
344,0.027493034821711705,0.2255311683440655
400,0.02730272915594143,0.22397005079476642
150,0.02720737929071359,0.22318787572221668
285,0.02708469864453833,0.22218150048410507
104,0.027067476086822518,0.22204022020752925
452,0.027054089020891146,0.2219304032797226
352,0.027000678586858028,0.221492266214558
477,0.0269397685092656,0.22099260799012296
283,0.0269198395615483,0.22082912662505366
9,0.026852744047503537,0.22027872795967204
456,0.026728086832718618,0.21925613851200737
345,0.02662873977377697,0.21844117361562707
273,0.026436715729734796,0.2168659598466188
2,0.026301576716606236,0.21575738599446337
381,0.02619369912872378,0.21487244336841116
368,0.026026014896944113,0.2134968942174575
139,0.026006878043712482,0.21333991057066307
343,0.02568454522339133,0.2106957464020258
106,0.025623594302010756,0.21019575312737454
397,0.02547666990180315,0.20899050125714796
351,0.025466677153248383,0.20890852863131237
458,0.02540370076033687,0.20839191998612158
186,0.025279656828302445,0.20737436142632143
163,0.025189916949924725,0.20663820626015555
3,0.024965422595055905,0.20479663167704593
275,0.024796922140446764,0.20341438687791977
71,0.024776469256993297,0.20324660755740537
266,0.02476439424177065,0.20314755365853257
70,0.02453100694567617,0.20123302840127422
32,0.024361569350153545,0.19984309603740694
276,0.024117685130142688,0.19784246229739172
189,0.02409010749721682,0.19761623715294085
118,0.02401739762769836,0.197019782744434
274,0.024008395285075673,0.19694593462753113
287,0.02398176342194411,0.19672746783235226
133,0.023881588588508848,0.19590571252705996
27,0.023729339804181286,0.19465678360993502
265,0.02366401931532754,0.19412094585089806
364,0.02363359757814414,0.19387138991884031
346,0.023477014197464747,0.19258690339282034
84,0.02346946587809541,0.1925249829356049
459,0.023442148568345565,0.1923008932771204
286,0.023438670515530658,0.19227236207567266
72,0.023378559130966196,0.19177925569874782
41,0.023212857398193534,0.1904199694056485
127,0.023212316965685445,0.1904155361237009
329,0.023175346237010598,0.1901122574319653
306,0.023119113602863235,0.18965096926350514
116,0.022925948339410706,0.18806639383076557
392,0.022810752390639445,0.1871214171454573
78,0.0227494902645238,0.18661887099266983
281,0.02267133622985817,0.18597775694821295
188,0.02263717301375745,0.18569750887478084
357,0.02244000928280598,0.18408013316908234
278,0.022403301310681727,0.18377900992479843
29,0.022333552330349626,0.18320684431532255
164,0.022268956761694016,0.1826769532296995
270,0.022195058770367922,0.18207075240719547
305,0.02218746033197069,0.18200842081301422
396,0.022152403646338747,0.18172084342040862
334,0.021861294190745173,0.17933281110379526
319,0.02182166017367708,0.17900768489515725
390,0.021811635329353436,0.17892544898095425
119,0.021737248312175394,0.17831523657615472
455,0.021697649093672503,0.17799039582749296
288,0.02153941128302428,0.17669233766319317
386,0.021433225615012045,0.1758212742129959
280,0.021320548836041644,0.17489696280935368
60,0.021301097657863772,0.17473740068867213
356,0.02129711487699994,0.1747047290964924
277,0.02113865045927072,0.1734048120264711
83,0.020955549099541757,0.17190279292043742
294,0.020790728490289494,0.17055073466957862
134,0.020790338639847236,0.17054753664410446
272,0.020685233287148677,0.16968533524847676
117,0.02066228121944204,0.16949705459196288
73,0.02061759098637799,0.16913045117615724
54,0.020604354765237344,0.1690218716600118
316,0.020540517429518255,0.16849820051922787
77,0.020516901362122503,0.16830447293309578
68,0.020504040152494404,0.16819896971555165
300,0.020351508341299555,0.16694771906928818
353,0.020343460071412044,0.16688169741243403
28,0.02031655982642491,0.16666102902423924
63,0.020190265896198763,0.1656250132543042
115,0.020179053357387764,0.16553303443150247
138,0.020013189061695334,0.16417241460045573
267,0.019936452327633542,0.16354292697204026
279,0.019696159042837228,0.16157175043162617
79,0.019539384982456116,0.16028569971976103
478,0.01938885984978843,0.15905091028106
271,0.019326852419685552,0.15854225024233373
187,0.019078225019107074,0.15650270719085035
367,0.01892236320495768,0.1552241398273966
76,0.01873805532964653,0.15371222341935023
354,0.018440550442915194,0.15127172803105648
53,0.018352555617067688,0.15054988789917156
61,0.018053782178737755,0.14809898631432689
160,0.018032543856609927,0.14792476387456283
330,0.018003251209329083,0.14768447010532343
318,0.01775458107291686,0.14564457648277443
317,0.01773041785136786,0.14544636047562057
80,0.01772798429555021,0.14542639750353167
482,0.017668132770251536,0.14493542280701963
30,0.017585211894740403,0.1442552053608405
51,0.017461582929226702,0.14324105085900812
301,0.01742431246619178,0.14293531338304377
8,0.017378775336300237,0.14256176269378465
5,0.01717210409734783,0.14086639489294653
64,0.0170728376188158,0.1400520910146766
393,0.016993140972692482,0.1393983226027914
365,0.016929415963399,0.13887557289938848
355,0.01682085132653692,0.13798499426552235
151,0.016592092998213927,0.13610844140805545
4,0.01645722229784927,0.1350020685821424
158,0.01628295772381473,0.13357253949458042
389,0.016275619708362634,0.13351234420479266
269,0.01608712070251401,0.13196604706821163
82,0.01603719006976492,0.1315564555475561
81,0.015505639590897844,0.1271960347606131
114,0.015323151069356155,0.12569904289559805
74,0.01528006227863677,0.12534557644940558
7,0.0152289815564459,0.12492655050227852
333,0.014969349256750171,0.1227967319402334
75,0.014963443896154432,0.12274828902066169
42,0.014947987126034939,0.12262149387249123
481,0.014632157052597187,0.12003067310924988
479,0.014625405106935043,0.11997528547366676
50,0.014482328999522079,0.11880160196159831
109,0.014441952815114898,0.11847038759760835
293,0.013552164748039578,0.11117126825165574
67,0.013369602282701001,0.10967366981006547
268,0.013178154130967895,0.10810318020723773
62,0.012656808360000158,0.10382647079337788
159,0.012365857750281595,0.10143974152300915
52,0.012282739821383216,0.10075790760629703
304,0.01216901676629315,0.0998250133787793
6,0.012116350827434636,0.0993929835646928
289,0.012058455233441208,0.09891805378556925
152,0.011748387546797665,0.09637450309762428
107,0.011595993458784875,0.09512438222369622
49,0.011571208599077834,0.09492106678750586
302,0.010912192494608066,0.08951501856611246
161,0.010841747036210823,0.0889371396000437
113,0.010602765898026239,0.08697672687527604
366,0.010359771007974469,0.08498338849665024
48,0.010241639387097982,0.08401432987335078
332,0.010216446561356006,0.08380766780565538
108,0.0101068783800183,0.0829088568846103
137,0.010090941747177298,0.08277812532123764
331,0.010076777831159673,0.08266193572818262
155,0.00940123880664249,0.07712034650569877
153,0.009261907829433156,0.07597738508727704
292,0.009201075082858388,0.0754783612255042
135,0.009042822495003289,0.074180181840657
112,0.00892800889075407,0.0732383416081749
480,0.00887115605141114,0.07277196576557193
136,0.008783483400065076,0.07205276849913249
154,0.008659746720179771,0.07103773039357164
303,0.008573869337586266,0.07033326009568557
157,0.008549750282994279,0.07013540639940358
291,0.008336350588011512,0.06838484365339043
162,0.008279365293966225,0.06791738125690322
156,0.00776625932583748,0.06370826468513059
66,0.007114641030149428,0.058362902250830025
111,0.0068991542762681735,0.05659521892010038
47,0.006892004312091831,0.056536566254624714
43,0.006740826219658554,0.05529642044912861
65,0.006592379483296109,0.05407868053406305
110,0.0064528432717988445,0.052934035535453054
290,0.006394393149199514,0.05245455684111588
44,0.005760766095506599,0.0472567803628015
45,0.003465206202894331,0.028425817977529654
46,0.003205655820236787,0.026296671398241222
