residue_number,x,y,z
17,26.752,68.822,-6.18
18,25.191,66.377,-3.698
19,23.873,63.739,-6.036
20,20.268,63.767,-4.771
21,19.758,60.324,-3.156
22,16.672,59.771,-5.282
23,14.679,56.795,-3.843
24,14.385,55.708,-7.525
25,17.721,53.787,-7.234
26,16.169,50.564,-5.832
27,13.256,48.198,-6.511
28,11.466,45.476,-4.5
29,10.42,42.145,-6.075
30,8.271,39.75,-4.017
31,7.41,36.107,-4.833
32,4.151,34.538,-3.688
33,1.306,32.104,-4.377
34,-2.455,32.463,-4.82
35,-5.09,32.125,-2.109
36,-8.899,31.812,-2.131
37,-11.378,33.252,0.437
38,-13.233,29.891,0.764
39,-10.793,26.966,0.856
40,-11.705,23.252,0.992
41,-10.781,21.032,3.966
42,-8.817,17.863,3.116
43,-7.064,15.116,5.122
44,-3.273,14.639,5.199
45,-1.055,12.208,7.162
46,-0.505,14.924,9.858
47,-3.977,16.535,10.027
48,-7.615,15.737,9.141
49,-8.484,19.449,8.547
50,-5.975,21.098,6.178
51,-7.469,23.941,4.111
52,-6.459,23.868,0.415
53,-7.337,26.213,-2.481
54,-9.128,23.428,-4.423
55,-10.035,19.732,-4.063
56,-11.768,16.963,-6.086
57,-14.241,14.395,-4.705
58,-12.998,10.787,-5.166
59,-16.164,9.036,-3.844
60,-19.2,8.591,-6.066
61,-22.046,8.907,-3.506
62,-25.062,9.179,-5.874
63,-26.597,7.081,-8.665
64,-28.675,8.188,-11.663
65,-31.579,6.145,-10.156
66,-31.776,4.182,-13.477
67,-30.092,1.047,-14.838
68,-28.513,1.884,-18.201
69,-29.308,-0.546,-21.08
70,-25.946,0.231,-22.775
71,-23.282,-1.113,-23.091
72,-24.632,-4.13,-21.138
73,-27.573,-6.276,-22.317
74,-30.07,-5.929,-19.461
75,-32.941,-8.424,-19.172
76,-35.807,-7.168,-16.983
77,-37.335,-10.185,-15.187
78,-40.538,-8.104,-14.586
79,-42.902,-10.594,-12.877
80,-40.561,-13.617,-13.203
81,-37.644,-14.803,-11.116
82,-34.759,-16.354,-13.071
83,-35.812,-19.832,-11.799
84,-39.461,-19.337,-12.892
85,-38.154,-18.326,-16.349
86,-35.778,-21.366,-16.329
87,-38.563,-23.871,-15.456
88,-41.035,-22.254,-17.898
89,-43.775,-21.008,-15.564
90,-46.796,-20.185,-17.825
91,-46.488,-16.406,-17.237
92,-42.703,-16.524,-17.957
93,-42.876,-18.071,-21.494
94,-41.631,-14.699,-22.928
95,-38.152,-15.46,-21.467
96,-37.609,-18.584,-23.63
97,-34.147,-18.526,-25.286
98,-33.381,-14.997,-23.962
99,-29.789,-13.824,-23.473
100,-28.367,-11.2,-21.074
101,-25.268,-9.73,-19.496
102,-27.36,-8.787,-16.411
103,-30.704,-10.337,-15.387
104,-32.68,-7.983,-13.101
105,-35.042,-9.666,-10.626
106,-37.857,-7.434,-9.322
107,-39.359,-7.437,-5.793
108,-42.803,-7.892,-7.493
109,-41.742,-11.204,-9.092
110,-44.003,-14.169,-8.256
111,-44.32,-17.888,-9.052
112,-47.668,-18.887,-10.664
113,-47.362,-22.656,-11.179
114,-46.909,-25.812,-9.061
115,-45.355,-25.011,-5.641
116,-41.689,-26.027,-5.71
117,-38.49,-25.789,-3.677
118,-34.858,-25.87,-4.868
119,-32.608,-27.425,-2.153
120,-29.592,-25.464,-3.478
121,-31.429,-22.409,-4.875
122,-28.392,-20.07,-4.692
123,-26.115,-22.455,-6.659
124,-28.703,-23.022,-9.446
125,-29.48,-19.269,-9.636
126,-25.76,-18.362,-9.876
127,-25.051,-21.098,-12.463
128,-27.889,-19.968,-14.792
129,-27.211,-16.236,-14.213
130,-23.486,-16.573,-15.09
131,-24.331,-18.572,-18.255
132,-26.277,-15.515,-19.511
133,-28.739,-17.588,-21.605
134,-31.96,-19.623,-21.43
135,-31.167,-21.342,-24.761
136,-33.006,-24.674,-24.472
137,-32.794,-27.718,-26.735
138,-35.544,-30.348,-26.639
139,-34.37,-33.988,-26.596
140,-36.368,-37.158,-27.328
141,-36.441,-39.062,-24.035
142,-38.029,-42.522,-24.447
143,-40.577,-42.644,-21.585
144,-41.991,-46.096,-22.499
145,-44.947,-47.341,-20.413
146,-45.764,-44.112,-18.519
147,-48.161,-41.276,-19.289
148,-46.467,-37.94,-20.05
149,-47.417,-34.245,-19.922
150,-48.966,-34.237,-16.436
151,-50.875,-30.994,-15.774
152,-51.914,-28.976,-12.738
153,-54.746,-26.486,-12.149
154,-52.068,-24.355,-10.374
155,-50.32,-23.795,-13.765
156,-52.759,-22.2,-16.223
157,-52.025,-21.0,-19.775
158,-55.17,-18.96,-20.309
159,-58.059,-21.165,-19.026
160,-56.321,-24.536,-19.627
161,-54.46,-26.566,-17.038
162,-50.774,-26.706,-17.931
163,-47.376,-27.258,-16.306
164,-43.779,-25.94,-16.433
165,-42.883,-25.859,-20.158
166,-39.357,-27.314,-19.563
167,-40.509,-30.203,-17.304
168,-42.445,-33.406,-18.067
169,-44.624,-34.813,-15.282
170,-44.623,-38.599,-15.692
171,-47.525,-40.528,-14.139
172,-49.188,-44.003,-14.313
173,-50.419,-45.371,-17.625
174,-53.178,-48.051,-17.48
175,-52.724,-48.484,-13.692
176,-48.979,-49.284,-14.212
177,-45.765,-47.382,-13.572
178,-42.833,-49.537,-14.81
179,-39.295,-48.929,-13.585
180,-37.813,-46.298,-15.913
181,-34.19,-46.535,-17.06
182,-33.469,-43.845,-19.669
183,-30.08,-42.767,-21.031
184,-29.075,-39.578,-22.856
185,-25.447,-39.318,-24.11
186,-23.762,-35.919,-24.449
187,-22.428,-36.123,-28.021
188,-22.019,-32.302,-28.029
189,-18.922,-30.108,-27.444
190,-20.421,-28.16,-24.506
191,-21.746,-28.917,-21.023
192,-25.502,-29.687,-20.884
193,-27.625,-28.577,-17.913
194,-30.56,-30.915,-17.232
195,-33.285,-29.592,-14.893
196,-35.444,-32.286,-13.283
197,-37.617,-32.673,-10.183
198,-39.145,-35.054,-7.649
199,-42.83,-34.85,-6.721
200,-43.664,-35.129,-3.01
201,-47.393,-36.074,-2.655
202,-49.432,-34.87,0.326
203,-50.928,-38.329,1.064
204,-50.195,-42.033,0.484
205,-53.452,-42.104,-1.568
206,-52.097,-39.437,-3.965
207,-48.803,-41.412,-4.223
208,-50.573,-44.633,-5.319
209,-53.073,-42.724,-7.513
210,-50.231,-41.088,-9.5
211,-47.419,-43.697,-9.392
212,-49.091,-47.0,-8.333
213,-46.193,-47.84,-5.965
214,-46.364,-46.875,-2.283
215,-42.86,-45.356,-2.573
216,-40.828,-44.092,-5.497
217,-37.138,-43.303,-5.896
218,-35.303,-41.178,-8.463
219,-31.617,-41.751,-9.268
220,-29.998,-39.38,-11.754
221,-26.393,-40.253,-12.528
222,-23.447,-39.649,-14.837
223,-20.117,-41.505,-15.102
224,-18.726,-39.087,-12.468
225,-21.585,-38.37,-10.038
226,-24.933,-39.633,-8.777
227,-27.922,-38.002,-7.076
228,-30.646,-40.026,-5.343
229,-33.904,-38.475,-4.167
230,-36.565,-40.402,-2.235
231,-40.028,-38.774,-2.296
232,-41.401,-37.834,1.121
233,-45.181,-38.222,1.42
234,-46.794,-35.687,3.754
235,-48.827,-32.502,4.001
236,-47.065,-29.145,3.476
237,-48.549,-25.633,3.93
238,-51.058,-24.818,1.216
239,-49.6,-22.785,-1.664
240,-51.869,-22.041,-4.648
241,-54.346,-24.684,-3.363
242,-51.727,-27.508,-3.172
243,-50.23,-29.206,-0.086
244,-47.769,-31.237,-2.2
245,-44.379,-29.995,-3.491
246,-41.888,-30.535,-6.28
247,-38.209,-30.449,-5.312
248,-36.065,-29.19,-8.222
249,-32.61,-30.613,-8.937
250,-30.033,-30.19,-11.69
251,-27.283,-32.254,-13.34
252,-24.416,-31.08,-15.573
253,-23.391,-33.596,-18.266
254,-19.968,-32.983,-19.829
255,-19.003,-33.78,-23.457
256,-18.561,-37.559,-23.866
257,-20.44,-38.302,-20.6
258,-23.957,-39.823,-20.355
259,-27.037,-38.863,-18.325
260,-28.895,-41.852,-16.834
261,-32.306,-41.42,-15.192
262,-33.516,-44.373,-13.118
263,-36.979,-44.007,-11.53
264,-39.724,-46.1,-9.914
265,-42.128,-43.145,-9.479
266,-42.375,-39.431,-8.577
267,-40.08,-38.249,-11.447
268,-40.572,-34.825,-12.98
269,-38.48,-35.496,-16.076
270,-36.461,-33.028,-18.171
271,-37.727,-32.287,-21.706
272,-34.192,-31.411,-22.852
273,-31.177,-29.393,-21.73
274,-30.004,-25.811,-21.342
275,-26.662,-24.784,-22.846
276,-24.211,-23.739,-20.164
277,-21.828,-20.955,-21.232
278,-18.766,-19.973,-19.196
279,-19.966,-16.366,-19.269
280,-19.373,-13.009,-17.57
281,-23.131,-12.621,-17.022
282,-24.796,-12.013,-13.646
283,-28.058,-11.407,-11.772
284,-29.178,-8.531,-9.521
285,-32.234,-7.806,-7.344
286,-33.317,-4.238,-8.112
287,-36.478,-2.164,-8.558
288,-34.613,0.658,-10.352
289,-36.13,1.395,-13.805
290,-34.126,0.55,-16.922
291,-33.378,3.662,-19.013
292,-31.775,4.532,-22.35
293,-28.342,5.656,-21.137
294,-24.723,4.408,-21.259
295,-22.77,3.308,-18.171
296,-20.417,0.364,-17.563
297,-21.173,0.263,-13.798
298,-24.571,-0.937,-12.516
299,-25.803,-1.044,-8.886
300,-29.241,-1.999,-7.407
301,-29.812,1.771,-6.903
302,-29.099,2.442,-10.619
303,-26.059,2.951,-12.84
304,-23.141,5.087,-11.645
305,-20.307,6.723,-13.649
306,-16.878,4.985,-13.568
307,-14.829,8.243,-13.515
308,-13.936,8.072,-9.771
309,-11.75,5.387,-8.069
310,-14.231,4.861,-5.19
311,-17.991,4.739,-4.553
312,-20.311,4.628,-1.504
313,-23.625,3.905,-3.327
314,-23.884,0.1,-2.994
315,-21.585,-2.887,-2.274
316,-23.408,-4.91,-4.991
317,-22.066,-3.97,-8.444
318,-21.962,-5.303,-12.008
319,-19.481,-4.294,-14.714
320,-16.429,-2.049,-14.426
321,-17.15,-0.196,-11.167
322,-15.357,1.977,-8.599
323,-14.418,0.119,-5.381
324,-16.994,0.341,-2.589
325,-15.722,2.206,0.513
326,-17.283,3.172,3.876
327,-16.415,6.877,3.502
328,-19.082,9.185,2.033
329,-16.394,11.725,0.992
330,-12.669,11.553,0.213
331,-11.312,14.872,-1.08
332,-8.096,14.852,-3.103
333,-6.234,18.174,-2.943
334,-5.879,19.69,-6.454
335,-4.4,22.988,-5.207
336,-1.895,24.32,-2.667
337,-2.43,25.025,1.038
338,-4.807,27.98,1.393
339,-3.369,30.775,3.567
340,-5.567,33.89,3.075
341,-3.866,37.302,2.812
342,-4.016,39.104,6.178
343,-5.34,42.645,5.656
344,-2.355,44.7,6.883
345,-3.188,48.447,6.832
346,0.344,49.727,6.058
347,2.236,49.894,2.701
348,5.636,48.945,4.209
349,4.168,46.435,6.734
350,2.464,44.375,3.987
351,5.832,43.178,2.535
352,6.808,41.372,5.807
353,4.403,38.397,5.258
354,4.32,37.629,1.499
355,5.381,33.915,1.706
356,3.443,33.294,4.971
357,0.163,34.518,3.384
358,-1.162,33.765,-0.103
359,-2.386,36.487,-2.466
360,-6.192,36.449,-2.983
361,-5.786,38.989,-5.836
362,-3.657,36.518,-7.873
363,-6.272,34.681,-10.004
364,-4.299,34.277,-13.281
365,-1.838,31.701,-11.848
366,-0.728,29.799,-8.749
367,2.72,31.405,-8.442
368,3.742,34.957,-9.273
369,5.485,38.208,-8.576
370,4.543,41.536,-6.973
371,6.967,44.378,-7.665
372,7.451,47.966,-6.501
373,9.732,50.265,-8.535
374,9.995,53.934,-9.632
375,7.128,53.342,-12.154
376,4.708,52.081,-9.436
377,3.468,48.653,-8.31
378,2.57,45.584,-10.403
379,1.651,41.896,-10.277
380,2.158,39.016,-12.726
381,1.682,35.218,-12.595
382,4.56,32.816,-13.37
383,2.81,30.637,-15.979
384,5.761,28.161,-16.216
385,5.74,27.208,-12.494
386,1.903,27.215,-12.427
387,1.657,24.873,-15.449
388,4.37,22.568,-13.984
389,2.374,22.175,-10.722
390,-0.96,21.697,-12.609
391,0.588,19.027,-14.902
392,1.864,17.028,-11.886
393,-1.53,17.264,-10.085
394,-3.389,16.205,-13.269
395,-0.899,13.307,-13.629
396,-1.782,12.174,-10.06
397,-5.521,12.428,-10.822
398,-5.185,10.375,-14.054
399,-3.218,7.609,-12.231
400,-5.896,7.449,-9.483
401,-8.785,7.091,-11.984
402,-7.158,4.08,-13.745
403,-10.219,1.958,-14.545
404,-11.127,-1.199,-12.636
405,-11.338,-3.482,-15.703
406,-12.328,-6.657,-13.769
407,-15.831,-8.054,-13.42
408,-15.513,-9.799,-10.058
409,-17.226,-13.155,-9.719
410,-20.445,-12.424,-7.833
411,-21.329,-13.949,-4.477
412,-24.65,-13.723,-2.652
413,-24.548,-10.31,-0.902
414,-28.308,-9.958,-0.261
415,-28.412,-11.348,3.286
416,-32.224,-11.103,3.679
417,-32.533,-14.728,4.889
418,-30.585,-16.303,7.777
419,-28.766,-19.344,6.339
420,-25.841,-20.06,8.721
421,-22.107,-20.756,8.295
422,-21.736,-20.107,4.521
423,-23.629,-16.785,4.781
424,-21.476,-15.819,7.809
425,-18.37,-16.454,5.67
426,-19.839,-14.437,2.729
427,-20.551,-11.503,5.115
428,-17.075,-11.783,6.679
429,-15.377,-11.785,3.232
430,-17.411,-8.762,2.118
431,-16.829,-6.812,5.385
432,-13.083,-7.679,5.187
433,-12.934,-6.477,1.548
434,-14.78,-3.231,2.399
435,-12.548,-2.558,5.445
436,-9.335,-3.13,3.407
437,-10.535,-0.88,0.544
438,-11.684,1.813,3.003
439,-8.259,1.747,4.705
440,-6.449,1.836,1.325
441,-8.614,4.777,0.166
442,-8.03,6.765,3.398
443,-4.247,6.128,3.303
444,-4.021,6.936,-0.428
445,-5.869,10.261,0.003
446,-3.733,11.185,3.041
447,-0.441,10.425,1.194
448,-1.544,12.118,-2.051
449,-2.731,15.261,-0.216
450,0.519,15.496,1.792
451,2.557,15.103,-1.41
452,0.375,17.742,-3.183
453,1.134,20.277,-0.406
454,4.875,19.393,-0.458
455,4.885,19.608,-4.306
456,3.282,23.092,-4.338
457,5.696,24.34,-1.618
458,8.613,22.86,-3.654
459,7.538,24.709,-6.85
460,7.334,28.002,-4.886
461,10.856,27.407,-3.48
462,12.183,26.542,-6.999
463,10.721,29.822,-8.361
464,12.278,31.776,-5.449
465,15.71,30.124,-5.942
466,15.544,30.638,-9.757
467,14.916,34.37,-9.148
468,17.674,34.618,-6.487
469,20.19,32.897,-8.818
470,19.392,35.363,-11.669
471,19.796,38.446,-9.423
472,23.067,37.143,-7.84
473,24.799,40.073,-6.038
474,22.407,42.717,-7.469
475,19.746,42.004,-4.781
476,19.4,40.981,-1.118
477,16.817,38.539,0.288
478,14.637,40.576,2.684
479,13.694,37.35,4.591
480,9.951,37.193,3.638
481,10.086,36.075,-0.038
482,11.003,39.581,-1.277
483,14.229,40.794,-2.89
484,15.567,44.331,-2.488
485,17.175,45.115,-5.871
486,20.081,47.605,-5.411
487,20.008,49.068,-8.942
488,17.461,51.015,-10.98
489,14.992,48.391,-12.268
490,12.158,49.608,-14.512
491,9.222,47.467,-15.75
492,11.375,46.106,-18.634
493,14.081,45.055,-16.133
494,11.418,43.358,-13.911
495,10.028,41.659,-17.064
496,13.531,40.322,-17.885
497,13.84,38.767,-14.374
498,10.412,37.064,-14.789
499,11.306,35.754,-18.276
500,14.799,34.465,-17.239
501,16.576,36.944,-19.621
502,17.995,39.231,-16.903
503,21.719,39.952,-17.34
504,23.211,40.561,-13.897
505,26.54,41.875,-15.298
506,24.89,45.03,-16.775
507,23.777,46.222,-13.32
508,26.604,44.702,-11.199
509,28.688,47.87,-10.716
510,25.64,49.98,-9.714
511,24.176,47.302,-7.405
512,27.489,46.595,-5.592
513,28.007,50.339,-5.041
514,24.493,50.729,-3.577
515,24.746,47.523,-1.397
516,28.147,48.27,0.139
517,27.94,52.096,0.642
518,29.232,52.081,4.227
519,28.492,55.629,5.584
520,31.638,55.513,7.771
521,33.882,54.824,4.72
522,32.252,57.647,2.676
523,32.914,60.108,5.543
524,36.61,59.037,5.701
525,37.022,59.177,1.884
526,35.265,62.578,1.658
527,37.764,64.028,4.185
528,40.742,62.499,2.253
529,39.321,63.876,-1.023
530,39.022,67.319,0.585
531,42.712,67.172,1.663
532,43.668,65.955,-1.864
533,41.79,68.854,-3.544
534,43.32,71.404,-1.097
535,46.846,69.989,-1.709
536,46.277,70.115,-5.502
537,44.889,73.687,-5.332
538,47.877,74.818,-3.187
539,50.321,73.054,-5.585
540,48.719,74.728,-8.655
541,48.676,78.111,-6.879
542,52.352,77.778,-5.886
543,53.265,76.725,-9.468
544,51.498,79.875,-10.768
545,53.298,82.013,-8.154
546,56.718,80.507,-9.085
547,55.931,80.976,-12.817
548,54.884,84.59,-12.124
549,58.045,85.081,-10.039
550,60.161,83.602,-12.855
551,58.38,85.79,-15.468
552,58.865,88.903,-13.267
553,62.542,87.968,-12.717
554,63.041,87.403,-16.48
555,61.271,90.734,-17.233
556,63.549,92.542,-14.735
557,66.763,91.151,-16.357
558,65.552,91.439,-19.966
559,64.713,94.798,-21.592
560,61.318,93.182,-22.469
561,58.378,95.414,-21.445
562,56.071,92.66,-20.214
563,52.719,94.349,-20.875
